[0.006s][info][class,load] java.lang.Object source: shared objects file
[0.006s][info][class,load] java.io.Serializable source: shared objects file
[0.006s][info][class,load] java.lang.Comparable source: shared objects file
[0.006s][info][class,load] java.lang.CharSequence source: shared objects file
[0.006s][info][class,load] java.lang.constant.Constable source: shared objects file
[0.006s][info][class,load] java.lang.constant.ConstantDesc source: shared objects file
[0.006s][info][class,load] java.lang.String source: shared objects file
[0.006s][info][class,load] java.lang.reflect.AnnotatedElement source: shared objects file
[0.006s][info][class,load] java.lang.reflect.GenericDeclaration source: shared objects file
[0.006s][info][class,load] java.lang.reflect.Type source: shared objects file
[0.006s][info][class,load] java.lang.invoke.TypeDescriptor source: shared objects file
[0.006s][info][class,load] java.lang.invoke.TypeDescriptor$OfField source: shared objects file
[0.006s][info][class,load] java.lang.Class source: shared objects file
[0.006s][info][class,load] java.lang.Cloneable source: shared objects file
[0.006s][info][class,load] java.lang.ClassLoader source: shared objects file
[0.006s][info][class,load] java.lang.System source: shared objects file
[0.006s][info][class,load] java.lang.Throwable source: shared objects file
[0.006s][info][class,load] java.lang.Error source: shared objects file
[0.006s][info][class,load] java.lang.ThreadDeath source: shared objects file
[0.006s][info][class,load] java.lang.Exception source: shared objects file
[0.006s][info][class,load] java.lang.RuntimeException source: shared objects file
[0.006s][info][class,load] java.lang.SecurityManager source: shared objects file
[0.006s][info][class,load] java.security.ProtectionDomain source: shared objects file
[0.006s][info][class,load] java.security.AccessControlContext source: shared objects file
[0.006s][info][class,load] java.security.AccessController source: shared objects file
[0.006s][info][class,load] java.security.SecureClassLoader source: shared objects file
[0.006s][info][class,load] java.lang.ReflectiveOperationException source: shared objects file
[0.006s][info][class,load] java.lang.ClassNotFoundException source: shared objects file
[0.006s][info][class,load] java.lang.Record source: shared objects file
[0.006s][info][class,load] java.lang.LinkageError source: shared objects file
[0.006s][info][class,load] java.lang.NoClassDefFoundError source: shared objects file
[0.006s][info][class,load] java.lang.ClassCastException source: shared objects file
[0.006s][info][class,load] java.lang.ArrayStoreException source: shared objects file
[0.006s][info][class,load] java.lang.VirtualMachineError source: shared objects file
[0.006s][info][class,load] java.lang.InternalError source: shared objects file
[0.006s][info][class,load] java.lang.OutOfMemoryError source: shared objects file
[0.006s][info][class,load] java.lang.StackOverflowError source: shared objects file
[0.006s][info][class,load] java.lang.IllegalMonitorStateException source: shared objects file
[0.006s][info][class,load] java.lang.ref.Reference source: shared objects file
[0.006s][info][class,load] java.lang.ref.SoftReference source: shared objects file
[0.006s][info][class,load] java.lang.ref.WeakReference source: shared objects file
[0.006s][info][class,load] java.lang.ref.FinalReference source: shared objects file
[0.006s][info][class,load] java.lang.ref.PhantomReference source: shared objects file
[0.006s][info][class,load] java.lang.ref.Finalizer source: shared objects file
[0.006s][info][class,load] java.lang.Runnable source: shared objects file
[0.006s][info][class,load] java.lang.Thread source: shared objects file
[0.006s][info][class,load] java.lang.Thread$UncaughtExceptionHandler source: shared objects file
[0.006s][info][class,load] java.lang.ThreadGroup source: shared objects file
[0.006s][info][class,load] java.util.Dictionary source: shared objects file
[0.006s][info][class,load] java.util.Map source: shared objects file
[0.006s][info][class,load] java.util.Hashtable source: shared objects file
[0.006s][info][class,load] java.util.Properties source: shared objects file
[0.006s][info][class,load] java.lang.Module source: shared objects file
[0.006s][info][class,load] java.lang.reflect.AccessibleObject source: shared objects file
[0.006s][info][class,load] java.lang.reflect.Member source: shared objects file
[0.006s][info][class,load] java.lang.reflect.Field source: shared objects file
[0.006s][info][class,load] java.lang.reflect.Parameter source: shared objects file
[0.006s][info][class,load] java.lang.reflect.Executable source: shared objects file
[0.006s][info][class,load] java.lang.reflect.Method source: shared objects file
[0.006s][info][class,load] java.lang.reflect.Constructor source: shared objects file
[0.006s][info][class,load] jdk.internal.reflect.MagicAccessorImpl source: shared objects file
[0.006s][info][class,load] jdk.internal.reflect.MethodAccessor source: shared objects file
[0.006s][info][class,load] jdk.internal.reflect.MethodAccessorImpl source: shared objects file
[0.006s][info][class,load] jdk.internal.reflect.ConstructorAccessor source: shared objects file
[0.006s][info][class,load] jdk.internal.reflect.ConstructorAccessorImpl source: shared objects file
[0.006s][info][class,load] jdk.internal.reflect.DelegatingClassLoader source: shared objects file
[0.006s][info][class,load] jdk.internal.reflect.ConstantPool source: shared objects file
[0.006s][info][class,load] jdk.internal.reflect.FieldAccessor source: shared objects file
[0.006s][info][class,load] jdk.internal.reflect.FieldAccessorImpl source: shared objects file
[0.006s][info][class,load] jdk.internal.reflect.UnsafeFieldAccessorImpl source: shared objects file
[0.006s][info][class,load] jdk.internal.reflect.UnsafeStaticFieldAccessorImpl source: shared objects file
[0.006s][info][class,load] java.lang.annotation.Annotation source: shared objects file
[0.006s][info][class,load] jdk.internal.reflect.CallerSensitive source: shared objects file
[0.006s][info][class,load] jdk.internal.reflect.NativeConstructorAccessorImpl source: shared objects file
[0.006s][info][class,load] java.lang.invoke.MethodHandle source: shared objects file
[0.006s][info][class,load] java.lang.invoke.DirectMethodHandle source: shared objects file
[0.006s][info][class,load] java.lang.invoke.VarHandle source: shared objects file
[0.006s][info][class,load] java.lang.invoke.MemberName source: shared objects file
[0.006s][info][class,load] java.lang.invoke.ResolvedMethodName source: shared objects file
[0.006s][info][class,load] java.lang.invoke.MethodHandleNatives source: shared objects file
[0.006s][info][class,load] java.lang.invoke.LambdaForm source: shared objects file
[0.006s][info][class,load] java.lang.invoke.TypeDescriptor$OfMethod source: shared objects file
[0.006s][info][class,load] java.lang.invoke.MethodType source: shared objects file
[0.006s][info][class,load] java.lang.BootstrapMethodError source: shared objects file
[0.006s][info][class,load] java.lang.invoke.CallSite source: shared objects file
[0.006s][info][class,load] jdk.internal.invoke.NativeEntryPoint source: shared objects file
[0.006s][info][class,load] java.lang.invoke.MethodHandleNatives$CallSiteContext source: shared objects file
[0.006s][info][class,load] java.lang.invoke.ConstantCallSite source: shared objects file
[0.006s][info][class,load] java.lang.invoke.MutableCallSite source: shared objects file
[0.006s][info][class,load] java.lang.invoke.VolatileCallSite source: shared objects file
[0.006s][info][class,load] java.lang.AssertionStatusDirectives source: shared objects file
[0.006s][info][class,load] java.lang.Appendable source: shared objects file
[0.006s][info][class,load] java.lang.AbstractStringBuilder source: shared objects file
[0.006s][info][class,load] java.lang.StringBuffer source: shared objects file
[0.006s][info][class,load] java.lang.StringBuilder source: shared objects file
[0.006s][info][class,load] jdk.internal.misc.UnsafeConstants source: shared objects file
[0.006s][info][class,load] jdk.internal.misc.Unsafe source: shared objects file
[0.006s][info][class,load] jdk.internal.module.Modules source: shared objects file
[0.006s][info][class,load] java.lang.AutoCloseable source: shared objects file
[0.006s][info][class,load] java.io.Closeable source: shared objects file
[0.006s][info][class,load] java.io.InputStream source: shared objects file
[0.006s][info][class,load] java.io.ByteArrayInputStream source: shared objects file
[0.006s][info][class,load] java.net.URL source: shared objects file
[0.006s][info][class,load] java.util.jar.Manifest source: shared objects file
[0.006s][info][class,load] jdk.internal.loader.BuiltinClassLoader source: shared objects file
[0.006s][info][class,load] jdk.internal.loader.ClassLoaders source: shared objects file
[0.006s][info][class,load] jdk.internal.loader.ClassLoaders$AppClassLoader source: shared objects file
[0.006s][info][class,load] jdk.internal.loader.ClassLoaders$PlatformClassLoader source: shared objects file
[0.006s][info][class,load] java.security.CodeSource source: shared objects file
[0.006s][info][class,load] java.util.AbstractMap source: shared objects file
[0.006s][info][class,load] java.util.concurrent.ConcurrentMap source: shared objects file
[0.006s][info][class,load] java.util.concurrent.ConcurrentHashMap source: shared objects file
[0.006s][info][class,load] java.lang.Iterable source: shared objects file
[0.006s][info][class,load] java.util.Collection source: shared objects file
[0.006s][info][class,load] java.util.AbstractCollection source: shared objects file
[0.006s][info][class,load] java.util.List source: shared objects file
[0.006s][info][class,load] java.util.AbstractList source: shared objects file
[0.006s][info][class,load] java.util.RandomAccess source: shared objects file
[0.006s][info][class,load] java.util.ArrayList source: shared objects file
[0.006s][info][class,load] java.lang.StackTraceElement source: shared objects file
[0.006s][info][class,load] java.nio.Buffer source: shared objects file
[0.006s][info][class,load] java.lang.StackWalker source: shared objects file
[0.006s][info][class,load] java.lang.StackStreamFactory$AbstractStackWalker source: shared objects file
[0.006s][info][class,load] java.lang.StackWalker$StackFrame source: shared objects file
[0.006s][info][class,load] java.lang.StackFrameInfo source: shared objects file
[0.006s][info][class,load] java.lang.LiveStackFrame source: shared objects file
[0.006s][info][class,load] java.lang.LiveStackFrameInfo source: shared objects file
[0.006s][info][class,load] java.util.concurrent.locks.AbstractOwnableSynchronizer source: shared objects file
[0.006s][info][class,load] java.lang.Boolean source: shared objects file
[0.006s][info][class,load] java.lang.Character source: shared objects file
[0.006s][info][class,load] java.lang.Number source: shared objects file
[0.006s][info][class,load] java.lang.Float source: shared objects file
[0.006s][info][class,load] java.lang.Double source: shared objects file
[0.006s][info][class,load] java.lang.Byte source: shared objects file
[0.006s][info][class,load] java.lang.Short source: shared objects file
[0.006s][info][class,load] java.lang.Integer source: shared objects file
[0.006s][info][class,load] java.lang.Long source: shared objects file
[0.006s][info][class,load] java.util.Iterator source: shared objects file
[0.006s][info][class,load] java.lang.reflect.RecordComponent source: shared objects file
[0.006s][info][class,load] jdk.internal.vm.vector.VectorSupport source: shared objects file
[0.006s][info][class,load] jdk.internal.vm.vector.VectorSupport$VectorPayload source: shared objects file
[0.006s][info][class,load] jdk.internal.vm.vector.VectorSupport$Vector source: shared objects file
[0.006s][info][class,load] jdk.internal.vm.vector.VectorSupport$VectorMask source: shared objects file
[0.006s][info][class,load] jdk.internal.vm.vector.VectorSupport$VectorShuffle source: shared objects file
[0.006s][info][class,load] java.lang.Integer$IntegerCache source: shared objects file
[0.006s][info][class,load] java.lang.Long$LongCache source: shared objects file
[0.006s][info][class,load] java.lang.Byte$ByteCache source: shared objects file
[0.006s][info][class,load] java.lang.Short$ShortCache source: shared objects file
[0.006s][info][class,load] java.lang.Character$CharacterCache source: shared objects file
[0.006s][info][class,load] java.util.jar.Attributes$Name source: shared objects file
[0.006s][info][class,load] java.util.ImmutableCollections$AbstractImmutableMap source: shared objects file
[0.006s][info][class,load] java.util.ImmutableCollections$MapN source: shared objects file
[0.007s][info][class,load] sun.util.locale.BaseLocale source: shared objects file
[0.007s][info][class,load] jdk.internal.module.ArchivedModuleGraph source: shared objects file
[0.007s][info][class,load] java.lang.module.ModuleFinder source: shared objects file
[0.007s][info][class,load] jdk.internal.module.SystemModuleFinders$SystemModuleFinder source: shared objects file
[0.007s][info][class,load] java.util.ImmutableCollections$AbstractImmutableCollection source: shared objects file
[0.007s][info][class,load] java.util.Set source: shared objects file
[0.007s][info][class,load] java.util.ImmutableCollections$AbstractImmutableSet source: shared objects file
[0.007s][info][class,load] java.util.ImmutableCollections$SetN source: shared objects file
[0.007s][info][class,load] java.lang.module.ModuleReference source: shared objects file
[0.007s][info][class,load] jdk.internal.module.ModuleReferenceImpl source: shared objects file
[0.007s][info][class,load] java.lang.module.ModuleDescriptor source: shared objects file
[0.007s][info][class,load] java.lang.module.ModuleDescriptor$Version source: shared objects file
[0.007s][info][class,load] java.util.ImmutableCollections$Set12 source: shared objects file
[0.007s][info][class,load] java.lang.module.ModuleDescriptor$Requires source: shared objects file
[0.007s][info][class,load] java.lang.Enum source: shared objects file
[0.007s][info][class,load] java.lang.module.ModuleDescriptor$Requires$Modifier source: shared objects file
[0.007s][info][class,load] java.lang.module.ModuleDescriptor$Exports source: shared objects file
[0.007s][info][class,load] java.net.URI source: shared objects file
[0.007s][info][class,load] java.util.function.Supplier source: shared objects file
[0.007s][info][class,load] jdk.internal.module.SystemModuleFinders$2 source: shared objects file
[0.007s][info][class,load] jdk.internal.module.ModuleHashes$HashSupplier source: shared objects file
[0.007s][info][class,load] jdk.internal.module.SystemModuleFinders$3 source: shared objects file
[0.007s][info][class,load] java.lang.module.ModuleDescriptor$Opens source: shared objects file
[0.007s][info][class,load] java.lang.module.ModuleDescriptor$Provides source: shared objects file
[0.007s][info][class,load] java.util.ImmutableCollections$AbstractImmutableList source: shared objects file
[0.007s][info][class,load] java.util.ImmutableCollections$List12 source: shared objects file
[0.007s][info][class,load] java.util.ImmutableCollections$ListN source: shared objects file
[0.007s][info][class,load] jdk.internal.module.ModuleTarget source: shared objects file
[0.007s][info][class,load] jdk.internal.module.ModuleHashes source: shared objects file
[0.007s][info][class,load] java.util.Collections$UnmodifiableMap source: shared objects file
[0.007s][info][class,load] java.util.HashMap source: shared objects file
[0.007s][info][class,load] java.util.Map$Entry source: shared objects file
[0.007s][info][class,load] java.util.HashMap$Node source: shared objects file
[0.007s][info][class,load] java.lang.module.Configuration source: shared objects file
[0.007s][info][class,load] java.lang.module.ResolvedModule source: shared objects file
[0.007s][info][class,load] java.util.function.Function source: shared objects file
[0.007s][info][class,load] jdk.internal.module.ModuleLoaderMap$Mapper source: shared objects file
[0.007s][info][class,load] java.util.ImmutableCollections source: shared objects file
[0.007s][info][class,load] java.lang.ModuleLayer source: shared objects file
[0.007s][info][class,load] jdk.internal.math.FDBigInteger source: shared objects file
[0.007s][info][class,load] jdk.internal.loader.ArchivedClassLoaders source: shared objects file
[0.007s][info][class,load] jdk.internal.loader.ClassLoaders$BootClassLoader source: shared objects file
[0.007s][info][class,load] java.security.Principal source: shared objects file
[0.007s][info][class,load] java.security.ProtectionDomain$Key source: shared objects file
[0.007s][info][class,load] jdk.internal.loader.NativeLibraries source: shared objects file
[0.007s][info][class,load] java.util.concurrent.ConcurrentHashMap$Node source: shared objects file
[0.007s][info][class,load] jdk.internal.loader.AbstractClassLoaderValue source: shared objects file
[0.007s][info][class,load] jdk.internal.loader.ClassLoaderValue source: shared objects file
[0.007s][info][class,load] jdk.internal.module.ServicesCatalog source: shared objects file
[0.007s][info][class,load] java.util.concurrent.CopyOnWriteArrayList source: shared objects file
[0.007s][info][class,load] jdk.internal.module.ServicesCatalog$ServiceProvider source: shared objects file
[0.007s][info][class,load] java.util.AbstractSet source: shared objects file
[0.007s][info][class,load] java.util.HashSet source: shared objects file
[0.007s][info][class,load] jdk.internal.loader.BuiltinClassLoader$LoadedModule source: shared objects file
[0.007s][info][class,load] jdk.internal.module.ArchivedBootLayer source: shared objects file
[0.007s][info][class,load] java.lang.Module$ArchivedData source: shared objects file
[0.007s][info][class,load] java.lang.NullPointerException source: shared objects file
[0.007s][info][class,load] java.lang.ArithmeticException source: shared objects file
[0.007s][info][class,load] java.io.ObjectStreamField source: shared objects file
[0.007s][info][class,load] java.util.Comparator source: shared objects file
[0.007s][info][class,load] java.lang.String$CaseInsensitiveComparator source: shared objects file
[0.007s][info][class,load] jdk.internal.misc.CDS source: shared objects file
[0.008s][info][class,load] jdk.internal.access.JavaLangReflectAccess source: shared objects file
[0.008s][info][class,load] java.lang.reflect.ReflectAccess source: shared objects file
[0.008s][info][class,load] jdk.internal.access.SharedSecrets source: shared objects file
[0.008s][info][class,load] java.lang.invoke.MethodHandles source: shared objects file
[0.008s][info][class,load] java.lang.invoke.MemberName$Factory source: shared objects file
[0.008s][info][class,load] java.security.Guard source: shared objects file
[0.008s][info][class,load] java.security.Permission source: shared objects file
[0.008s][info][class,load] java.security.BasicPermission source: shared objects file
[0.008s][info][class,load] java.lang.reflect.ReflectPermission source: shared objects file
[0.008s][info][class,load] java.lang.StringLatin1 source: shared objects file
[0.008s][info][class,load] java.lang.invoke.MethodHandles$Lookup source: shared objects file
[0.008s][info][class,load] java.util.Objects source: shared objects file
[0.008s][info][class,load] jdk.internal.reflect.Reflection source: shared objects file
[0.008s][info][class,load] java.lang.Math source: shared objects file
[0.008s][info][class,load] java.util.ImmutableCollections$MapN$1 source: shared objects file
[0.008s][info][class,load] java.util.ImmutableCollections$MapN$MapNIterator source: shared objects file
[0.008s][info][class,load] java.util.KeyValueHolder source: shared objects file
[0.008s][info][class,load] java.util.LinkedHashMap$Entry source: shared objects file
[0.008s][info][class,load] java.util.HashMap$TreeNode source: shared objects file
[0.008s][info][class,load] java.lang.Runtime source: shared objects file
[0.008s][info][class,load] java.util.concurrent.locks.Lock source: shared objects file
[0.008s][info][class,load] java.util.concurrent.locks.ReentrantLock source: shared objects file
[0.008s][info][class,load] java.util.concurrent.ConcurrentHashMap$Segment source: shared objects file
[0.008s][info][class,load] java.util.concurrent.ConcurrentHashMap$CounterCell source: shared objects file
[0.008s][info][class,load] java.util.concurrent.locks.LockSupport source: shared objects file
[0.008s][info][class,load] java.util.concurrent.ConcurrentHashMap$ReservationNode source: shared objects file
[0.008s][info][class,load] java.security.PrivilegedAction source: shared objects file
[0.008s][info][class,load] jdk.internal.reflect.ReflectionFactory$GetReflectionFactoryAction source: shared objects file
[0.008s][info][class,load] jdk.internal.reflect.ReflectionFactory source: shared objects file
[0.008s][info][class,load] java.lang.ref.Reference$ReferenceHandler source: shared objects file
[0.008s][info][class,load] jdk.internal.ref.Cleaner source: shared objects file
[0.008s][info][class,load] java.lang.ref.ReferenceQueue source: shared objects file
[0.008s][info][class,load] java.lang.ref.ReferenceQueue$Null source: shared objects file
[0.008s][info][class,load] java.lang.ref.ReferenceQueue$Lock source: shared objects file
[0.008s][info][class,load] jdk.internal.access.JavaLangRefAccess source: shared objects file
[0.008s][info][class,load] java.lang.ref.Reference$1 source: shared objects file
[0.008s][info][class,load] java.lang.ref.Finalizer$FinalizerThread source: shared objects file
[0.008s][info][class,load] jdk.internal.access.JavaLangAccess source: shared objects file
[0.008s][info][class,load] java.lang.System$2 source: shared objects file
[0.008s][info][class,load] jdk.internal.misc.VM source: shared objects file
[0.008s][info][class,load] jdk.internal.util.SystemProps source: shared objects file
[0.008s][info][class,load] jdk.internal.util.SystemProps$Raw source: shared objects file
[0.011s][info][class,load] java.lang.StringConcatHelper source: shared objects file
[0.011s][info][class,load] java.lang.VersionProps source: shared objects file
[0.011s][info][class,load] java.util.Arrays source: shared objects file
[0.011s][info][class,load] java.lang.CharacterData source: shared objects file
[0.011s][info][class,load] java.lang.CharacterDataLatin1 source: shared objects file
[0.011s][info][class,load] java.util.HashMap$EntrySet source: shared objects file
[0.011s][info][class,load] java.util.HashMap$HashIterator source: shared objects file
[0.011s][info][class,load] java.util.HashMap$EntryIterator source: shared objects file
[0.011s][info][class,load] jdk.internal.util.StaticProperty source: shared objects file
[0.011s][info][class,load] java.io.FileInputStream source: shared objects file
[0.011s][info][class,load] java.io.FileDescriptor source: shared objects file
[0.011s][info][class,load] jdk.internal.access.JavaIOFileDescriptorAccess source: shared objects file
[0.011s][info][class,load] java.io.FileDescriptor$1 source: shared objects file
[0.011s][info][class,load] java.io.Flushable source: shared objects file
[0.011s][info][class,load] java.io.OutputStream source: shared objects file
[0.011s][info][class,load] java.io.FileOutputStream source: shared objects file
[0.011s][info][class,load] java.io.FilterInputStream source: shared objects file
[0.011s][info][class,load] java.io.BufferedInputStream source: shared objects file
[0.011s][info][class,load] java.io.FilterOutputStream source: shared objects file
[0.011s][info][class,load] java.io.PrintStream source: shared objects file
[0.011s][info][class,load] java.io.BufferedOutputStream source: shared objects file
[0.011s][info][class,load] java.io.Writer source: shared objects file
[0.011s][info][class,load] java.io.OutputStreamWriter source: shared objects file
[0.011s][info][class,load] java.nio.charset.Charset source: shared objects file
[0.011s][info][class,load] java.nio.charset.spi.CharsetProvider source: shared objects file
[0.011s][info][class,load] sun.nio.cs.StandardCharsets source: shared objects file
[0.012s][info][class,load] java.lang.ThreadLocal source: shared objects file
[0.012s][info][class,load] java.util.concurrent.atomic.AtomicInteger source: shared objects file
[0.012s][info][class,load] sun.security.action.GetPropertyAction source: shared objects file
[0.012s][info][class,load] sun.nio.cs.HistoricallyNamedCharset source: shared objects file
[0.012s][info][class,load] sun.nio.cs.Unicode source: shared objects file
[0.012s][info][class,load] sun.nio.cs.UTF_8 source: shared objects file
[0.012s][info][class,load] sun.nio.cs.StreamEncoder source: shared objects file
[0.012s][info][class,load] java.nio.charset.CharsetEncoder source: shared objects file
[0.012s][info][class,load] sun.nio.cs.UTF_8$Encoder source: jrt:/java.base
[0.012s][info][class,load] java.nio.charset.CodingErrorAction source: shared objects file
[0.012s][info][class,load] java.nio.ByteBuffer source: shared objects file
[0.012s][info][class,load] jdk.internal.misc.ScopedMemoryAccess source: shared objects file
[0.012s][info][class,load] jdk.internal.access.JavaNioAccess source: shared objects file
[0.012s][info][class,load] java.nio.Buffer$1 source: shared objects file
[0.012s][info][class,load] java.nio.HeapByteBuffer source: shared objects file
[0.012s][info][class,load] java.nio.ByteOrder source: shared objects file
[0.012s][info][class,load] java.io.BufferedWriter source: shared objects file
[0.012s][info][class,load] java.lang.Terminator source: shared objects file
[0.012s][info][class,load] jdk.internal.misc.Signal$Handler source: shared objects file
[0.012s][info][class,load] java.lang.Terminator$1 source: shared objects file
[0.012s][info][class,load] jdk.internal.misc.Signal source: shared objects file
[0.012s][info][class,load] java.util.Hashtable$Entry source: shared objects file
[0.012s][info][class,load] jdk.internal.misc.Signal$NativeHandler source: shared objects file
[0.012s][info][class,load] jdk.internal.misc.OSEnvironment source: shared objects file
[0.012s][info][class,load] java.util.Collections source: shared objects file
[0.012s][info][class,load] java.util.Collections$EmptySet source: shared objects file
[0.012s][info][class,load] java.util.Collections$EmptyList source: shared objects file
[0.012s][info][class,load] java.util.Collections$EmptyMap source: shared objects file
[0.012s][info][class,load] java.lang.IllegalArgumentException source: shared objects file
[0.012s][info][class,load] java.lang.invoke.MethodHandleStatics source: shared objects file
[0.012s][info][class,load] jdk.internal.module.ModuleBootstrap source: shared objects file
[0.012s][info][class,load] sun.invoke.util.VerifyAccess source: shared objects file
[0.012s][info][class,load] java.lang.reflect.Modifier source: shared objects file
[0.012s][info][class,load] jdk.internal.access.JavaLangModuleAccess source: shared objects file
[0.012s][info][class,load] java.lang.module.ModuleDescriptor$1 source: shared objects file
[0.012s][info][class,load] java.io.File source: shared objects file
[0.012s][info][class,load] java.io.DefaultFileSystem source: shared objects file
[0.012s][info][class,load] java.io.FileSystem source: shared objects file
[0.012s][info][class,load] java.io.UnixFileSystem source: shared objects file
[0.012s][info][class,load] jdk.internal.util.ArraysSupport source: shared objects file
[0.012s][info][class,load] jdk.internal.module.ModulePatcher source: shared objects file
[0.012s][info][class,load] jdk.internal.module.ModuleBootstrap$Counters source: shared objects file
[0.013s][info][class,load] jdk.internal.access.JavaNetUriAccess source: shared objects file
[0.013s][info][class,load] java.net.URI$1 source: shared objects file
[0.013s][info][class,load] java.security.cert.Certificate source: shared objects file
[0.013s][info][class,load] java.lang.ClassLoader$ParallelLoaders source: shared objects file
[0.013s][info][class,load] java.util.WeakHashMap source: shared objects file
[0.013s][info][class,load] java.util.WeakHashMap$Entry source: shared objects file
[0.013s][info][class,load] java.util.Collections$SetFromMap source: shared objects file
[0.013s][info][class,load] java.util.WeakHashMap$KeySet source: shared objects file
[0.013s][info][class,load] jdk.internal.access.JavaSecurityAccess source: shared objects file
[0.013s][info][class,load] java.security.ProtectionDomain$JavaSecurityAccessImpl source: shared objects file
[0.013s][info][class,load] jdk.internal.loader.ClassLoaderHelper source: shared objects file
[0.013s][info][class,load] java.util.Queue source: shared objects file
[0.013s][info][class,load] java.util.Deque source: shared objects file
[0.013s][info][class,load] java.util.ArrayDeque source: shared objects file
[0.013s][info][class,load] jdk.internal.loader.BootLoader source: shared objects file
[0.013s][info][class,load] jdk.internal.loader.URLClassPath source: shared objects file
[0.013s][info][class,load] java.net.URLStreamHandlerFactory source: shared objects file
[0.013s][info][class,load] java.net.URL$DefaultFactory source: shared objects file
[0.013s][info][class,load] jdk.internal.access.JavaNetURLAccess source: shared objects file
[0.013s][info][class,load] java.net.URL$3 source: shared objects file
[0.013s][info][class,load] java.io.File$PathStatus source: shared objects file
[0.013s][info][class,load] sun.net.www.ParseUtil source: shared objects file
[0.013s][info][class,load] java.util.HexFormat source: shared objects file
[0.013s][info][class,load] java.net.URLStreamHandler source: shared objects file
[0.013s][info][class,load] sun.net.www.protocol.file.Handler source: shared objects file
[0.013s][info][class,load] sun.net.util.IPAddressUtil source: shared objects file
[0.013s][info][class,load] jdk.internal.util.Preconditions source: shared objects file
[0.013s][info][class,load] sun.net.www.protocol.jar.Handler source: shared objects file
[0.013s][info][class,load] java.lang.invoke.StringConcatFactory source: shared objects file
[0.013s][info][class,load] java.lang.invoke.StringConcatFactory$1 source: shared objects file
[0.013s][info][class,load] java.lang.invoke.StringConcatFactory$2 source: shared objects file
[0.013s][info][class,load] java.lang.invoke.StringConcatFactory$3 source: shared objects file
[0.013s][info][class,load] sun.launcher.LauncherHelper source: shared objects file
[0.013s][info][class,load] java.lang.StringCoding source: shared objects file
[0.013s][info][class,load] sun.net.util.URLUtil source: shared objects file
[0.013s][info][class,load] java.util.Locale source: shared objects file
[0.013s][info][class,load] sun.util.locale.LocaleUtils source: shared objects file
[0.013s][info][class,load] java.util.Optional source: shared objects file
[0.013s][info][class,load] java.security.PrivilegedExceptionAction source: shared objects file
[0.013s][info][class,load] jdk.internal.loader.URLClassPath$3 source: shared objects file
[0.013s][info][class,load] jdk.internal.loader.URLClassPath$Loader source: shared objects file
[0.013s][info][class,load] jdk.internal.loader.URLClassPath$JarLoader source: shared objects file
[0.014s][info][class,load] java.util.zip.ZipConstants source: shared objects file
[0.014s][info][class,load] java.util.zip.ZipFile source: shared objects file
[0.014s][info][class,load] jdk.internal.access.JavaUtilZipFileAccess source: shared objects file
[0.014s][info][class,load] java.util.zip.ZipFile$1 source: shared objects file
[0.014s][info][class,load] jdk.internal.loader.URLClassPath$JarLoader$1 source: shared objects file
[0.014s][info][class,load] jdk.internal.loader.FileURLMapper source: shared objects file
[0.014s][info][class,load] java.util.jar.JarFile source: shared objects file
[0.014s][info][class,load] jdk.internal.access.JavaUtilJarAccess source: shared objects file
[0.014s][info][class,load] java.util.jar.JavaUtilJarAccessImpl source: shared objects file
[0.014s][info][class,load] java.lang.Runtime$Version source: shared objects file
[0.014s][info][class,load] java.util.zip.ZipFile$CleanableResource source: shared objects file
[0.014s][info][class,load] java.util.zip.ZipCoder source: shared objects file
[0.014s][info][class,load] java.util.zip.ZipCoder$UTF8ZipCoder source: shared objects file
[0.014s][info][class,load] jdk.internal.ref.CleanerFactory source: shared objects file
[0.014s][info][class,load] java.util.concurrent.ThreadFactory source: shared objects file
[0.014s][info][class,load] jdk.internal.ref.CleanerFactory$1 source: shared objects file
[0.014s][info][class,load] java.lang.ref.Cleaner source: shared objects file
[0.014s][info][class,load] java.lang.ref.Cleaner$1 source: shared objects file
[0.014s][info][class,load] jdk.internal.ref.CleanerImpl source: shared objects file
[0.014s][info][class,load] java.lang.ref.Cleaner$Cleanable source: shared objects file
[0.014s][info][class,load] jdk.internal.ref.PhantomCleanable source: shared objects file
[0.014s][info][class,load] jdk.internal.ref.CleanerImpl$PhantomCleanableRef source: shared objects file
[0.014s][info][class,load] jdk.internal.ref.CleanerImpl$CleanerCleanable source: shared objects file
[0.014s][info][class,load] jdk.internal.misc.InnocuousThread source: shared objects file
[0.014s][info][class,load] java.util.zip.ZipFile$Source source: shared objects file
[0.014s][info][class,load] sun.nio.fs.DefaultFileSystemProvider source: shared objects file
[0.014s][info][class,load] java.nio.file.spi.FileSystemProvider source: shared objects file
[0.014s][info][class,load] sun.nio.fs.AbstractFileSystemProvider source: shared objects file
[0.014s][info][class,load] sun.nio.fs.UnixFileSystemProvider source: shared objects file
[0.014s][info][class,load] sun.nio.fs.BsdFileSystemProvider source: shared objects file
[0.014s][info][class,load] sun.nio.fs.MacOSXFileSystemProvider source: shared objects file
[0.014s][info][class,load] java.nio.file.OpenOption source: shared objects file
[0.014s][info][class,load] java.nio.file.StandardOpenOption source: shared objects file
[0.014s][info][class,load] java.nio.file.FileSystem source: shared objects file
[0.014s][info][class,load] sun.nio.fs.UnixFileSystem source: shared objects file
[0.014s][info][class,load] sun.nio.fs.BsdFileSystem source: shared objects file
[0.014s][info][class,load] sun.nio.fs.MacOSXFileSystem source: shared objects file
[0.014s][info][class,load] java.nio.file.Watchable source: shared objects file
[0.014s][info][class,load] java.nio.file.Path source: shared objects file
[0.014s][info][class,load] sun.nio.fs.UnixPath source: shared objects file
[0.014s][info][class,load] sun.nio.fs.Util source: shared objects file
[0.014s][info][class,load] sun.nio.fs.UnixNativeDispatcher source: shared objects file
[0.014s][info][class,load] jdk.internal.loader.NativeLibraries$LibraryPaths source: shared objects file
[0.014s][info][class,load] jdk.internal.loader.NativeLibraries$1 source: shared objects file
[0.014s][info][class,load] java.util.ArrayDeque$DeqIterator source: shared objects file
[0.014s][info][class,load] jdk.internal.loader.NativeLibrary source: shared objects file
[0.014s][info][class,load] jdk.internal.loader.NativeLibraries$NativeLibraryImpl source: shared objects file
[0.014s][info][class,load] jdk.internal.loader.NativeLibraries$NativeLibraryImpl$1 source: shared objects file
[0.015s][info][class,load] java.util.concurrent.ConcurrentHashMap$CollectionView source: shared objects file
[0.015s][info][class,load] java.util.concurrent.ConcurrentHashMap$ValuesView source: shared objects file
[0.015s][info][class,load] java.util.concurrent.ConcurrentHashMap$Traverser source: shared objects file
[0.015s][info][class,load] java.util.concurrent.ConcurrentHashMap$BaseIterator source: shared objects file
[0.015s][info][class,load] java.util.Enumeration source: shared objects file
[0.015s][info][class,load] java.util.concurrent.ConcurrentHashMap$ValueIterator source: shared objects file
[0.015s][info][class,load] java.nio.file.attribute.BasicFileAttributes source: shared objects file
[0.015s][info][class,load] java.nio.file.attribute.PosixFileAttributes source: shared objects file
[0.015s][info][class,load] sun.nio.fs.UnixFileAttributes source: shared objects file
[0.015s][info][class,load] sun.nio.fs.UnixFileStoreAttributes source: shared objects file
[0.015s][info][class,load] sun.nio.fs.UnixMountEntry source: shared objects file
[0.015s][info][class,load] java.util.zip.ZipFile$Source$Key source: shared objects file
[0.015s][info][class,load] java.nio.file.CopyOption source: shared objects file
[0.015s][info][class,load] java.nio.file.LinkOption source: shared objects file
[0.015s][info][class,load] java.nio.file.Files source: shared objects file
[0.015s][info][class,load] java.nio.file.attribute.AttributeView source: shared objects file
[0.015s][info][class,load] java.nio.file.attribute.FileAttributeView source: shared objects file
[0.015s][info][class,load] java.nio.file.attribute.BasicFileAttributeView source: shared objects file
[0.015s][info][class,load] java.nio.file.attribute.UserDefinedFileAttributeView source: shared objects file
[0.015s][info][class,load] sun.nio.fs.UnixFileAttributeViews source: shared objects file
[0.015s][info][class,load] sun.nio.fs.DynamicFileAttributeView source: shared objects file
[0.015s][info][class,load] sun.nio.fs.AbstractBasicFileAttributeView source: shared objects file
[0.015s][info][class,load] sun.nio.fs.UnixFileAttributeViews$Basic source: shared objects file
[0.015s][info][class,load] sun.nio.fs.NativeBuffers source: shared objects file
[0.015s][info][class,load] jdk.internal.misc.TerminatingThreadLocal source: shared objects file
[0.015s][info][class,load] sun.nio.fs.NativeBuffers$1 source: shared objects file
[0.015s][info][class,load] jdk.internal.misc.TerminatingThreadLocal$1 source: shared objects file
[0.015s][info][class,load] java.lang.ThreadLocal$ThreadLocalMap source: shared objects file
[0.015s][info][class,load] java.lang.ThreadLocal$ThreadLocalMap$Entry source: shared objects file
[0.016s][info][class,load] java.util.IdentityHashMap source: shared objects file
[0.016s][info][class,load] java.util.IdentityHashMap$KeySet source: shared objects file
[0.016s][info][class,load] sun.nio.fs.NativeBuffer source: shared objects file
[0.016s][info][class,load] sun.nio.fs.NativeBuffer$Deallocator source: shared objects file
[0.016s][info][class,load] sun.nio.fs.UnixFileAttributes$UnixAsBasicFileAttributes source: shared objects file
[0.016s][info][class,load] java.io.DataOutput source: shared objects file
[0.016s][info][class,load] java.io.DataInput source: shared objects file
[0.016s][info][class,load] java.io.RandomAccessFile source: shared objects file
[0.016s][info][class,load] jdk.internal.access.JavaIORandomAccessFileAccess source: shared objects file
[0.016s][info][class,load] java.io.RandomAccessFile$2 source: shared objects file
[0.016s][info][class,load] java.io.FileCleanable source: shared objects file
[0.016s][info][class,load] java.util.zip.ZipFile$Source$End source: shared objects file
[0.016s][info][class,load] java.util.zip.ZipUtils source: shared objects file
[0.016s][info][class,load] java.util.concurrent.TimeUnit source: shared objects file
[0.016s][info][class,load] java.nio.file.attribute.FileTime source: shared objects file
[0.016s][info][class,load] jdk.internal.perf.PerfCounter source: shared objects file
[0.016s][info][class,load] jdk.internal.perf.Perf$GetPerfAction source: shared objects file
[0.016s][info][class,load] jdk.internal.perf.Perf source: shared objects file
[0.016s][info][class,load] jdk.internal.perf.PerfCounter$CoreCounters source: shared objects file
[0.016s][info][class,load] sun.nio.ch.DirectBuffer source: shared objects file
[0.016s][info][class,load] java.nio.MappedByteBuffer source: shared objects file
[0.016s][info][class,load] java.nio.DirectByteBuffer source: shared objects file
[0.016s][info][class,load] java.nio.Bits source: shared objects file
[0.016s][info][class,load] java.util.concurrent.atomic.AtomicLong source: shared objects file
[0.016s][info][class,load] jdk.internal.misc.VM$BufferPool source: shared objects file
[0.016s][info][class,load] java.nio.Bits$1 source: shared objects file
[0.016s][info][class,load] java.nio.LongBuffer source: shared objects file
[0.016s][info][class,load] java.nio.DirectLongBufferU source: shared objects file
[0.016s][info][class,load] jdk.internal.util.jar.JarIndex source: shared objects file
[0.016s][info][class,load] java.util.zip.ZipEntry source: shared objects file
[0.016s][info][class,load] java.util.jar.JarEntry source: shared objects file
[0.016s][info][class,load] java.util.jar.JarFile$JarFileEntry source: shared objects file
[0.016s][info][class,load] java.util.zip.ZipFile$ZipFileInputStream source: shared objects file
[0.016s][info][class,load] java.util.zip.InflaterInputStream source: shared objects file
[0.016s][info][class,load] java.util.zip.ZipFile$ZipFileInflaterInputStream source: shared objects file
[0.016s][info][class,load] java.util.zip.Inflater source: shared objects file
[0.017s][info][class,load] java.util.zip.Inflater$InflaterZStreamRef source: shared objects file
[0.017s][info][class,load] java.util.zip.ZipFile$InflaterCleanupAction source: shared objects file
[0.017s][info][class,load] sun.security.util.SignatureFileVerifier source: shared objects file
[0.017s][info][class,load] sun.security.util.Debug source: shared objects file
[0.017s][info][class,load] sun.security.action.GetIntegerAction source: shared objects file
[0.017s][info][class,load] jdk.internal.loader.URLClassPath$FileLoader source: jrt:/java.base
[0.017s][info][class,load] jdk.internal.loader.Resource source: shared objects file
[0.017s][info][class,load] jdk.internal.loader.URLClassPath$FileLoader$1 source: jrt:/java.base
[0.017s][info][class,load] java.lang.NamedPackage source: shared objects file
[0.017s][info][class,load] java.lang.Package source: shared objects file
[0.017s][info][class,load] java.lang.Package$VersionInfo source: shared objects file
[0.017s][info][class,load] sun.nio.ByteBuffered source: shared objects file
[0.017s][info][class,load] java.io.FileInputStream$1 source: shared objects file
[0.017s][info][class,load] java.security.SecureClassLoader$CodeSourceKey source: shared objects file
[0.017s][info][class,load] java.security.SecureClassLoader$1 source: shared objects file
[0.017s][info][class,load] java.security.PermissionCollection source: shared objects file
[0.017s][info][class,load] sun.security.util.LazyCodeSourcePermissionCollection source: shared objects file
[0.017s][info][class,load] java.security.Permissions source: shared objects file
[0.017s][info][class,load] java.lang.RuntimePermission source: shared objects file
[0.017s][info][class,load] java.security.BasicPermissionCollection source: shared objects file
[0.017s][info][class,load] java.security.AllPermission source: shared objects file
[0.017s][info][class,load] java.security.UnresolvedPermission source: shared objects file
[0.017s][info][class,load] java.security.SecureClassLoader$DebugHolder source: shared objects file
[0.017s][info][class,load] net.schwagereit.t1j.E3Probe source: file:/private/tmp/claude-501/-Users-bill-projects-TwixT-Game/d037040d-d572-424f-a870-eef66233d641/scratchpad/e3/classes/
[0.017s][info][class,load] java.lang.Class$ReflectionData source: shared objects file
[0.017s][info][class,load] java.lang.Class$Atomic source: shared objects file
[0.018s][info][class,load] java.lang.PublicMethods$MethodList source: shared objects file
[0.018s][info][class,load] java.lang.PublicMethods$Key source: shared objects file
[0.018s][info][class,load] java.lang.Void source: shared objects file
[0.018s][info][class,load] java.util.LinkedHashSet source: shared objects file
[0.018s][info][class,load] java.util.Arrays$ArrayList source: shared objects file
[0.018s][info][class,load] java.util.LinkedHashMap source: shared objects file
[0.018s][info][class,load] java.util.Arrays$ArrayItr source: shared objects file
[0.018s][info][class,load] java.lang.Readable source: shared objects file
[0.018s][info][class,load] java.nio.CharBuffer source: shared objects file
[0.018s][info][class,load] java.nio.HeapCharBuffer source: shared objects file
[0.018s][info][class,load] java.nio.charset.CoderResult source: shared objects file
[0.018s][info][class,load] java.lang.invoke.MethodType$ConcurrentWeakInternSet source: shared objects file
[0.018s][info][class,load] java.lang.invoke.MethodTypeForm source: shared objects file
[0.018s][info][class,load] java.lang.invoke.MethodType$ConcurrentWeakInternSet$WeakEntry source: shared objects file
[0.018s][info][class,load] sun.invoke.util.Wrapper source: shared objects file
[0.018s][info][class,load] sun.invoke.util.Wrapper$Format source: shared objects file
[0.018s][info][class,load] java.lang.invoke.LambdaForm$NamedFunction source: shared objects file
[0.018s][info][class,load] java.lang.invoke.DirectMethodHandle$Holder source: shared objects file
[0.018s][info][class,load] sun.invoke.util.ValueConversions source: shared objects file
[0.018s][info][class,load] java.lang.invoke.MethodHandleImpl source: shared objects file
[0.018s][info][class,load] java.lang.invoke.Invokers source: shared objects file
[0.018s][info][class,load] java.lang.invoke.LambdaForm$Kind source: shared objects file
[0.018s][info][class,load] java.lang.NoSuchMethodException source: shared objects file
[0.018s][info][class,load] java.lang.invoke.LambdaForm$BasicType source: shared objects file
[0.018s][info][class,load] java.lang.reflect.Array source: shared objects file
[0.018s][info][class,load] java.lang.invoke.LambdaForm$Name source: shared objects file
[0.018s][info][class,load] java.lang.invoke.LambdaForm$Holder source: shared objects file
[0.018s][info][class,load] java.lang.invoke.InvokerBytecodeGenerator source: shared objects file
[0.018s][info][class,load] java.lang.invoke.InvokerBytecodeGenerator$2 source: shared objects file
[0.018s][info][class,load] java.lang.invoke.MethodHandleImpl$Intrinsic source: shared objects file
[0.018s][info][class,load] jdk.internal.access.JavaLangInvokeAccess source: shared objects file
[0.018s][info][class,load] java.lang.invoke.MethodHandleImpl$1 source: shared objects file
[0.018s][info][class,load] java.lang.invoke.DelegatingMethodHandle source: shared objects file
[0.018s][info][class,load] java.lang.invoke.MethodHandleImpl$AsVarargsCollector source: shared objects file
[0.018s][info][class,load] java.lang.invoke.DelegatingMethodHandle$Holder source: shared objects file
[0.018s][info][class,load] java.lang.invoke.BoundMethodHandle source: shared objects file
[0.018s][info][class,load] java.lang.invoke.SimpleMethodHandle source: shared objects file
[0.018s][info][class,load] java.lang.invoke.VarHandle$AccessMode source: shared objects file
[0.018s][info][class,load] java.lang.invoke.VarHandle$AccessType source: shared objects file
[0.018s][info][class,load] java.lang.invoke.Invokers$Holder source: shared objects file
[0.019s][info][class,load] java.lang.invoke.BootstrapMethodInvoker source: shared objects file
[0.019s][info][class,load] java.lang.invoke.ClassSpecializer source: shared objects file
[0.019s][info][class,load] java.lang.invoke.BoundMethodHandle$Specializer source: shared objects file
[0.019s][info][class,load] java.lang.invoke.ClassSpecializer$1 source: shared objects file
[0.019s][info][class,load] java.lang.invoke.ClassSpecializer$SpeciesData source: shared objects file
[0.019s][info][class,load] java.lang.invoke.BoundMethodHandle$SpeciesData source: shared objects file
[0.019s][info][class,load] java.lang.invoke.ClassSpecializer$Factory source: shared objects file
[0.019s][info][class,load] java.lang.invoke.BoundMethodHandle$Specializer$Factory source: shared objects file
[0.019s][info][class,load] java.lang.NoSuchFieldException source: shared objects file
[0.019s][info][class,load] java.lang.invoke.BoundMethodHandle$Species_L source: shared objects file
[0.019s][info][class,load] sun.invoke.util.VerifyType source: shared objects file
[0.019s][info][class,load] sun.invoke.empty.Empty source: shared objects file
[0.019s][info][class,load] java.lang.invoke.DirectMethodHandle$2 source: shared objects file
[0.019s][info][class,load] java.lang.invoke.DirectMethodHandle$Accessor source: shared objects file
[0.019s][info][class,load] java.lang.invoke.LambdaFormEditor source: shared objects file
[0.019s][info][class,load] java.lang.invoke.LambdaFormEditor$TransformKey source: shared objects file
[0.019s][info][class,load] java.lang.invoke.LambdaFormBuffer source: shared objects file
[0.019s][info][class,load] java.lang.invoke.BoundMethodHandle$Species_LL source: shared objects file
[0.019s][info][class,load] java.lang.invoke.LambdaFormEditor$Transform source: shared objects file
[0.019s][info][class,load] jdk.internal.org.objectweb.asm.ClassVisitor source: shared objects file
[0.019s][info][class,load] jdk.internal.org.objectweb.asm.ClassWriter source: shared objects file
[0.020s][info][class,load] jdk.internal.org.objectweb.asm.SymbolTable source: shared objects file
[0.020s][info][class,load] jdk.internal.org.objectweb.asm.Symbol source: shared objects file
[0.020s][info][class,load] jdk.internal.org.objectweb.asm.SymbolTable$Entry source: shared objects file
[0.020s][info][class,load] jdk.internal.org.objectweb.asm.ByteVector source: shared objects file
[0.020s][info][class,load] sun.invoke.util.BytecodeDescriptor source: shared objects file
[0.020s][info][class,load] jdk.internal.org.objectweb.asm.MethodVisitor source: shared objects file
[0.020s][info][class,load] jdk.internal.org.objectweb.asm.MethodWriter source: shared objects file
[0.020s][info][class,load] jdk.internal.org.objectweb.asm.Type source: shared objects file
[0.020s][info][class,load] jdk.internal.org.objectweb.asm.Label source: shared objects file
[0.020s][info][class,load] jdk.internal.org.objectweb.asm.Frame source: shared objects file
[0.020s][info][class,load] jdk.internal.org.objectweb.asm.AnnotationVisitor source: shared objects file
[0.020s][info][class,load] jdk.internal.org.objectweb.asm.AnnotationWriter source: shared objects file
[0.020s][info][class,load] java.lang.invoke.InvokerBytecodeGenerator$ClassData source: shared objects file
[0.020s][info][class,load] java.util.ArrayList$Itr source: shared objects file
[0.020s][info][class,load] jdk.internal.org.objectweb.asm.FieldVisitor source: shared objects file
[0.020s][info][class,load] jdk.internal.org.objectweb.asm.FieldWriter source: shared objects file
[0.020s][info][class,load] jdk.internal.org.objectweb.asm.Attribute source: shared objects file
[0.020s][info][class,load] jdk.internal.org.objectweb.asm.Handler source: shared objects file
[0.020s][info][class,load] java.lang.invoke.MethodHandles$Lookup$ClassFile source: shared objects file
[0.020s][info][class,load] java.lang.invoke.MethodHandles$Lookup$ClassOption source: shared objects file
[0.020s][info][class,load] java.util.ImmutableCollections$SetN$SetNIterator source: shared objects file
[0.020s][info][class,load] java.lang.invoke.MethodHandles$Lookup$ClassDefiner source: shared objects file
[0.020s][info][class,load] java.lang.invoke.LambdaForm$MH/0x0000009801000400 source: __JVM_LookupDefineClass__
[0.020s][info][class,load] java.util.prefs.Preferences source: jrt:/java.prefs
[0.020s][info][class,load] java.util.prefs.Preferences$1 source: jrt:/java.prefs
[0.020s][info][class,load] java.util.prefs.PreferencesFactory source: jrt:/java.prefs
[0.020s][info][class,load] e2probe.ScratchPrefsFactory source: file:/private/tmp/claude-501/-Users-bill-projects-TwixT-Game/d037040d-d572-424f-a870-eef66233d641/scratchpad/e3/classes/
[0.021s][info][class,load] java.util.prefs.AbstractPreferences source: jrt:/java.prefs
[0.021s][info][class,load] e2probe.ScratchPrefs source: file:/private/tmp/claude-501/-Users-bill-projects-TwixT-Game/d037040d-d572-424f-a870-eef66233d641/scratchpad/e3/classes/
[0.021s][info][class,load] java.lang.Class$1 source: shared objects file
[0.021s][info][class,load] jdk.internal.reflect.DelegatingConstructorAccessorImpl source: shared objects file
[0.021s][info][class,load] java.util.AbstractSequentialList source: shared objects file
[0.021s][info][class,load] java.util.LinkedList source: shared objects file
[0.021s][info][class,load] java.util.EventListener source: jrt:/java.base
[0.021s][info][class,load] java.util.prefs.PreferenceChangeListener source: jrt:/java.prefs
[0.021s][info][class,load] java.util.prefs.NodeChangeListener source: jrt:/java.prefs
[0.021s][info][class,load] java.util.SortedMap source: shared objects file
[0.021s][info][class,load] java.util.NavigableMap source: shared objects file
[0.021s][info][class,load] java.util.TreeMap source: shared objects file
[0.021s][info][class,load] java.awt.GraphicsEnvironment source: jrt:/java.desktop
[0.021s][info][class,load] java.lang.invoke.LambdaMetafactory source: shared objects file
[0.021s][info][class,load] java.lang.invoke.AbstractValidatingLambdaMetafactory source: shared objects file
[0.021s][info][class,load] java.lang.invoke.InnerClassLambdaMetafactory source: shared objects file
[0.021s][info][class,load] sun.security.action.GetBooleanAction source: shared objects file
[0.021s][info][class,load] jdk.internal.org.objectweb.asm.Handle source: shared objects file
[0.021s][info][class,load] jdk.internal.org.objectweb.asm.ConstantDynamic source: shared objects file
[0.021s][info][class,load] java.lang.invoke.MethodHandleInfo source: shared objects file
[0.021s][info][class,load] java.lang.invoke.InfoFromMemberName source: shared objects file
[0.021s][info][class,load] java.lang.invoke.LambdaProxyClassArchive source: shared objects file
[0.021s][info][class,load] java.lang.invoke.TypeConvertingMethodAdapter source: shared objects file
[0.021s][info][class,load] java.lang.invoke.InnerClassLambdaMetafactory$ForwardingMethodGenerator source: shared objects file
[0.022s][info][class,load] jdk.internal.org.objectweb.asm.ClassReader source: shared objects file
[0.022s][info][class,load] java.lang.StringUTF16 source: shared objects file
[0.022s][info][class,load] java.util.ImmutableCollections$Set12$1 source: shared objects file
[0.022s][info][class,load] java.awt.GraphicsEnvironment$$Lambda$1/0x0000009801043800 source: java.awt.GraphicsEnvironment
[0.022s][info][class,load] java.lang.invoke.InnerClassLambdaMetafactory$1 source: shared objects file
[0.022s][info][class,load] java.lang.invoke.MethodHandleImpl$IntrinsicMethodHandle source: shared objects file
[0.022s][info][class,load] sun.invoke.util.Wrapper$1 source: shared objects file
[0.022s][info][class,load] java.lang.invoke.LambdaForm$MH/0x0000009801001000 source: __JVM_LookupDefineClass__
[0.022s][info][class,load] java.nio.file.Paths source: shared objects file
[0.022s][info][class,load] java.nio.file.FileSystems source: shared objects file
[0.022s][info][class,load] java.nio.file.FileSystems$DefaultFileSystemHolder source: shared objects file
[0.022s][info][class,load] java.nio.file.FileSystems$DefaultFileSystemHolder$1 source: shared objects file
[0.022s][info][class,load] java.net.URI$Parser source: shared objects file
[0.022s][info][class,load] java.security.MessageDigestSpi source: jrt:/java.base
[0.022s][info][class,load] java.security.MessageDigest source: jrt:/java.base
[0.022s][info][class,load] java.security.AlgorithmConstraints source: jrt:/java.base
[0.022s][info][class,load] sun.security.util.AbstractAlgorithmConstraints source: jrt:/java.base
[0.022s][info][class,load] sun.security.util.CryptoAlgorithmConstraints source: jrt:/java.base
[0.022s][info][class,load] sun.security.util.CryptoAlgorithmConstraints$CryptoHolder source: jrt:/java.base
[0.022s][info][class,load] sun.security.util.SecurityProperties source: shared objects file
[0.022s][info][class,load] java.security.Security source: shared objects file
[0.022s][info][class,load] java.security.Security$1 source: shared objects file
[0.022s][info][class,load] java.util.Properties$LineReader source: shared objects file
[0.023s][info][class,load] java.util.concurrent.ConcurrentHashMap$ForwardingNode source: shared objects file
[0.023s][info][class,load] java.util.concurrent.ConcurrentHashMap$EntrySetView source: shared objects file
[0.023s][info][class,load] java.util.concurrent.ConcurrentHashMap$EntryIterator source: shared objects file
[0.023s][info][class,load] java.util.concurrent.ConcurrentHashMap$MapEntry source: shared objects file
[0.023s][info][class,load] jdk.internal.access.JavaSecurityPropertiesAccess source: shared objects file
[0.023s][info][class,load] java.security.Security$2 source: shared objects file
[0.023s][info][class,load] sun.security.jca.GetInstance source: jrt:/java.base
[0.023s][info][class,load] sun.security.jca.Providers source: jrt:/java.base
[0.023s][info][class,load] sun.security.jca.ProviderList source: jrt:/java.base
[0.023s][info][class,load] sun.security.jca.ProviderConfig source: jrt:/java.base
[0.024s][info][class,load] java.security.Provider source: jrt:/java.base
[0.024s][info][class,load] sun.security.jca.ProviderList$3 source: jrt:/java.base
[0.024s][info][class,load] sun.security.jca.ProviderList$1 source: jrt:/java.base
[0.024s][info][class,load] java.security.Provider$ServiceKey source: jrt:/java.base
[0.024s][info][class,load] java.security.Provider$EngineDescription source: jrt:/java.base
[0.024s][info][class,load] java.security.SecureRandomParameters source: jrt:/java.base
[0.024s][info][class,load] java.security.cert.CertStoreParameters source: jrt:/java.base
[0.024s][info][class,load] java.security.Policy$Parameters source: jrt:/java.base
[0.024s][info][class,load] javax.security.auth.login.Configuration$Parameters source: jrt:/java.base
[0.024s][info][class,load] jdk.internal.math.FloatingDecimal source: shared objects file
[0.024s][info][class,load] jdk.internal.math.FloatingDecimal$BinaryToASCIIConverter source: shared objects file
[0.024s][info][class,load] jdk.internal.math.FloatingDecimal$ExceptionalBinaryToASCIIBuffer source: shared objects file
[0.024s][info][class,load] jdk.internal.math.FloatingDecimal$BinaryToASCIIBuffer source: shared objects file
[0.024s][info][class,load] jdk.internal.math.FloatingDecimal$1 source: shared objects file
[0.024s][info][class,load] jdk.internal.math.FloatingDecimal$ASCIIToBinaryConverter source: shared objects file
[0.024s][info][class,load] jdk.internal.math.FloatingDecimal$PreparedASCIIToBinaryBuffer source: shared objects file
[0.024s][info][class,load] jdk.internal.math.FloatingDecimal$ASCIIToBinaryBuffer source: jrt:/java.base
[0.024s][info][class,load] sun.security.jca.ProviderList$2 source: jrt:/java.base
[0.024s][info][class,load] sun.security.provider.Sun source: jrt:/java.base
[0.024s][info][class,load] sun.security.util.SecurityConstants source: jrt:/java.base
[0.024s][info][class,load] java.net.NetPermission source: jrt:/java.base
[0.024s][info][class,load] java.security.SecurityPermission source: jrt:/java.base
[0.024s][info][class,load] java.net.SocketPermission source: jrt:/java.base
[0.024s][info][class,load] sun.security.provider.SunEntries source: jrt:/java.base
[0.024s][info][class,load] sun.security.provider.SunEntries$1 source: jrt:/java.base
[0.024s][info][class,load] java.security.SecureRandomSpi source: jrt:/java.base
[0.024s][info][class,load] sun.security.provider.NativePRNG source: jrt:/java.base
[0.024s][info][class,load] sun.security.provider.NativePRNG$Variant source: jrt:/java.base
[0.024s][info][class,load] sun.security.provider.NativePRNG$1 source: jrt:/java.base
[0.024s][info][class,load] sun.security.provider.NativePRNG$2 source: jrt:/java.base
[0.025s][info][class,load] sun.security.provider.NativePRNG$RandomIO source: jrt:/java.base
[0.025s][info][class,load] sun.security.provider.FileInputStreamPool source: jrt:/java.base
[0.025s][info][class,load] sun.security.provider.FileInputStreamPool$UnclosableInputStream source: jrt:/java.base
[0.025s][info][class,load] sun.security.provider.FileInputStreamPool$StreamRef source: jrt:/java.base
[0.025s][info][class,load] java.security.Provider$Service source: jrt:/java.base
[0.025s][info][class,load] java.security.Provider$UString source: jrt:/java.base
[0.025s][info][class,load] sun.security.provider.NativePRNG$Blocking source: jrt:/java.base
[0.025s][info][class,load] sun.security.provider.NativePRNG$NonBlocking source: jrt:/java.base
[0.025s][info][class,load] sun.security.util.SecurityProviderConstants source: jrt:/java.base
[0.025s][info][class,load] sun.security.util.KnownOIDs source: jrt:/java.base
[0.025s][info][class,load] sun.security.util.KnownOIDs$1 source: jrt:/java.base
[0.025s][info][class,load] sun.security.util.KnownOIDs$2 source: jrt:/java.base
[0.025s][info][class,load] sun.security.util.KnownOIDs$3 source: jrt:/java.base
[0.025s][info][class,load] sun.security.util.KnownOIDs$4 source: jrt:/java.base
[0.025s][info][class,load] sun.security.util.KnownOIDs$5 source: jrt:/java.base
[0.025s][info][class,load] sun.security.util.KnownOIDs$6 source: jrt:/java.base
[0.025s][info][class,load] sun.security.util.KnownOIDs$7 source: jrt:/java.base
[0.025s][info][class,load] sun.security.util.KnownOIDs$8 source: jrt:/java.base
[0.025s][info][class,load] sun.security.util.KnownOIDs$9 source: jrt:/java.base
[0.026s][info][class,load] sun.security.util.KnownOIDs$10 source: jrt:/java.base
[0.027s][info][class,load] java.util.LinkedHashMap$LinkedKeySet source: jrt:/java.base
[0.027s][info][class,load] java.util.LinkedHashMap$LinkedHashIterator source: shared objects file
[0.027s][info][class,load] java.util.LinkedHashMap$LinkedKeyIterator source: jrt:/java.base
[0.027s][info][class,load] java.util.Collections$EmptyIterator source: shared objects file
[0.028s][info][class,load] jdk.internal.event.Event source: jrt:/java.base
[0.028s][info][class,load] jdk.internal.event.SecurityProviderServiceEvent source: jrt:/java.base
[0.028s][info][class,load] sun.security.provider.DigestBase source: jrt:/java.base
[0.028s][info][class,load] sun.security.provider.SHA2 source: jrt:/java.base
[0.028s][info][class,load] sun.security.provider.SHA2$SHA256 source: jrt:/java.base
[0.028s][info][class,load] sun.security.jca.GetInstance$Instance source: jrt:/java.base
[0.028s][info][class,load] sun.security.util.MessageDigestSpi2 source: jrt:/java.base
[0.028s][info][class,load] java.security.MessageDigest$Delegate source: jrt:/java.base
[0.028s][info][class,load] java.security.MessageDigest$Delegate$CloneableDelegate source: jrt:/java.base
[0.028s][info][class,load] java.nio.file.attribute.FileAttribute source: jrt:/java.base
[0.028s][info][class,load] sun.nio.fs.UnixFileModeAttribute source: jrt:/java.base
[0.028s][info][class,load] sun.nio.fs.UnixChannelFactory source: jrt:/java.base
[0.028s][info][class,load] sun.nio.fs.UnixChannelFactory$Flags source: jrt:/java.base
[0.028s][info][class,load] java.nio.channels.Channel source: jrt:/java.base
[0.028s][info][class,load] java.nio.channels.ReadableByteChannel source: jrt:/java.base
[0.028s][info][class,load] java.nio.channels.WritableByteChannel source: jrt:/java.base
[0.028s][info][class,load] java.nio.channels.ByteChannel source: jrt:/java.base
[0.028s][info][class,load] java.nio.channels.SeekableByteChannel source: jrt:/java.base
[0.028s][info][class,load] java.nio.channels.GatheringByteChannel source: jrt:/java.base
[0.028s][info][class,load] java.nio.channels.ScatteringByteChannel source: jrt:/java.base
[0.028s][info][class,load] java.nio.channels.InterruptibleChannel source: jrt:/java.base
[0.028s][info][class,load] java.nio.channels.spi.AbstractInterruptibleChannel source: jrt:/java.base
[0.029s][info][class,load] java.nio.channels.FileChannel source: jrt:/java.base
[0.029s][info][class,load] sun.nio.ch.FileChannelImpl source: jrt:/java.base
[0.029s][info][class,load] sun.nio.ch.IOUtil source: jrt:/java.base
[0.029s][info][class,load] sun.nio.ch.NativeThreadSet source: jrt:/java.base
[0.029s][info][class,load] sun.nio.ch.NativeDispatcher source: jrt:/java.base
[0.029s][info][class,load] sun.nio.ch.FileDispatcher source: jrt:/java.base
[0.029s][info][class,load] sun.nio.ch.FileDispatcherImpl source: jrt:/java.base
[0.029s][info][class,load] sun.nio.ch.NativeThread source: jrt:/java.base
[0.029s][info][class,load] sun.nio.ch.FileChannelImpl$Closer source: jrt:/java.base
[0.029s][info][class,load] java.nio.channels.Channels source: jrt:/java.base
[0.029s][info][class,load] sun.nio.ch.ChannelInputStream source: jrt:/java.base
[0.029s][info][class,load] sun.nio.ch.IOStatus source: jrt:/java.base
[0.029s][info][class,load] java.nio.channels.SelectableChannel source: jrt:/java.base
[0.029s][info][class,load] sun.nio.ch.Util source: jrt:/java.base
[0.029s][info][class,load] sun.nio.ch.Util$1 source: jrt:/java.base
[0.029s][info][class,load] sun.nio.ch.Util$BufferCache source: jrt:/java.base
[0.029s][info][class,load] java.nio.DirectByteBuffer$Deallocator source: jrt:/java.base
[0.030s][info][class,load] sun.security.provider.ByteArrayAccess source: jrt:/java.base
[0.030s][info][class,load] sun.security.provider.ByteArrayAccess$BE source: jrt:/java.base
[0.030s][info][class,load] java.lang.invoke.VarHandles source: shared objects file
[0.030s][info][class,load] java.lang.invoke.VarHandleByteArrayAsInts$ByteArrayViewVarHandle source: jrt:/java.base
[0.030s][info][class,load] java.lang.invoke.VarHandleByteArrayAsInts$ArrayHandle source: jrt:/java.base
[0.030s][info][class,load] java.lang.invoke.VarHandle$1 source: shared objects file
[0.030s][info][class,load] java.util.function.BiFunction source: shared objects file
[0.030s][info][class,load] jdk.internal.util.Preconditions$1 source: shared objects file
[0.030s][info][class,load] java.lang.invoke.VarHandleGuards source: shared objects file
[0.030s][info][class,load] java.lang.IndexOutOfBoundsException source: jrt:/java.base
[0.030s][info][class,load] java.lang.ArrayIndexOutOfBoundsException source: jrt:/java.base
[0.030s][info][class,load] java.lang.invoke.DirectMethodHandle$Constructor source: shared objects file
[0.030s][info][class,load] java.lang.invoke.VarHandleByteArrayBase source: jrt:/java.base
[0.030s][info][class,load] java.lang.invoke.VarHandleByteArrayAsInts source: jrt:/java.base
[0.030s][info][class,load] java.lang.invoke.VarHandleByteArrayAsInts$ArrayHandle$$Lambda$2/0x0000009801054910 source: java.lang.invoke.VarHandleByteArrayAsInts
[0.030s][info][class,load] java.lang.invoke.VarForm source: shared objects file
[0.030s][info][class,load] java.lang.invoke.VarHandleByteArrayAsLongs$ByteArrayViewVarHandle source: jrt:/java.base
[0.030s][info][class,load] java.lang.invoke.VarHandleByteArrayAsLongs$ArrayHandle source: jrt:/java.base
[0.030s][info][class,load] java.lang.invoke.VarHandleByteArrayAsLongs source: jrt:/java.base
[0.030s][info][class,load] java.lang.invoke.VarHandleByteArrayAsLongs$ArrayHandle$$Lambda$3/0x0000009801055470 source: java.lang.invoke.VarHandleByteArrayAsLongs
[0.030s][info][class,load] java.lang.invoke.VarHandle$AccessDescriptor source: shared objects file
[0.030s][info][class,load] java.lang.invoke.VarHandle$TypesAndInvokers source: jrt:/java.base
[0.030s][info][class,load] java.lang.invoke.VarHandle$2 source: jrt:/java.base
[0.030s][info][class,load] java.lang.invoke.VarHandle$VarHandleDesc$Kind source: jrt:/java.base
[0.030s][info][class,load] java.lang.constant.ConstantDescs source: jrt:/java.base
[0.030s][info][class,load] java.lang.constant.ClassDesc source: jrt:/java.base
[0.030s][info][class,load] java.lang.constant.ConstantUtils source: jrt:/java.base
[0.031s][info][class,load] java.lang.constant.ReferenceClassDescImpl source: jrt:/java.base
[0.031s][info][class,load] java.lang.constant.DirectMethodHandleDesc$Kind source: jrt:/java.base
[0.031s][info][class,load] java.lang.constant.MethodTypeDesc source: jrt:/java.base
[0.031s][info][class,load] java.lang.constant.MethodTypeDescImpl source: jrt:/java.base
[0.031s][info][class,load] java.lang.constant.MethodHandleDesc source: jrt:/java.base
[0.031s][info][class,load] java.lang.constant.MethodHandleDesc$1 source: jrt:/java.base
[0.031s][info][class,load] java.lang.constant.DirectMethodHandleDesc source: jrt:/java.base
[0.031s][info][class,load] java.lang.constant.DirectMethodHandleDescImpl source: jrt:/java.base
[0.031s][info][class,load] java.lang.constant.DirectMethodHandleDescImpl$1 source: jrt:/java.base
[0.031s][info][class,load] java.lang.constant.DirectMethodHandleDesc$1 source: jrt:/java.base
[0.031s][info][class,load] java.lang.constant.DynamicConstantDesc source: jrt:/java.base
[0.031s][info][class,load] java.lang.constant.PrimitiveClassDescImpl source: jrt:/java.base
[0.031s][info][class,load] java.lang.constant.DynamicConstantDesc$AnonymousDynamicConstantDesc source: jrt:/java.base
[0.031s][info][class,load] java.nio.charset.StandardCharsets source: jrt:/java.base
[0.031s][info][class,load] sun.nio.cs.US_ASCII source: shared objects file
[0.031s][info][class,load] sun.nio.cs.ISO_8859_1 source: jrt:/java.base
[0.031s][info][class,load] sun.nio.cs.UTF_16BE source: jrt:/java.base
[0.031s][info][class,load] sun.nio.cs.UTF_16LE source: jrt:/java.base
[0.031s][info][class,load] sun.nio.cs.UTF_16 source: jrt:/java.base
[0.031s][info][class,load] java.nio.file.DirectoryStream$Filter source: jrt:/java.base
[0.031s][info][class,load] java.nio.file.Files$AcceptAllFilter source: jrt:/java.base
[0.031s][info][class,load] java.nio.file.DirectoryStream source: jrt:/java.base
[0.031s][info][class,load] sun.nio.fs.UnixDirectoryStream source: jrt:/java.base
[0.031s][info][class,load] java.util.concurrent.locks.ReadWriteLock source: jrt:/java.base
[0.031s][info][class,load] java.util.concurrent.locks.ReentrantReadWriteLock source: jrt:/java.base
[0.031s][info][class,load] java.util.concurrent.locks.AbstractQueuedSynchronizer source: shared objects file
[0.031s][info][class,load] java.util.concurrent.locks.ReentrantReadWriteLock$Sync source: jrt:/java.base
[0.031s][info][class,load] java.util.concurrent.locks.ReentrantReadWriteLock$FairSync source: jrt:/java.base
[0.032s][info][class,load] java.util.concurrent.locks.ReentrantReadWriteLock$Sync$ThreadLocalHoldCounter source: jrt:/java.base
[0.032s][info][class,load] java.util.concurrent.locks.ReentrantReadWriteLock$ReadLock source: jrt:/java.base
[0.032s][info][class,load] java.util.concurrent.locks.ReentrantReadWriteLock$WriteLock source: jrt:/java.base
[0.032s][info][class,load] sun.nio.fs.UnixDirectoryStream$UnixDirectoryIterator source: jrt:/java.base
[0.032s][info][class,load] java.nio.file.Files$2 source: jrt:/java.base
[0.032s][info][class,load] java.util.Spliterators source: shared objects file
[0.032s][info][class,load] java.util.Spliterators$EmptySpliterator source: shared objects file
[0.032s][info][class,load] java.util.Spliterator source: shared objects file
[0.032s][info][class,load] java.util.Spliterators$EmptySpliterator$OfRef source: shared objects file
[0.032s][info][class,load] java.util.Spliterator$OfPrimitive source: shared objects file
[0.032s][info][class,load] java.util.Spliterator$OfInt source: shared objects file
[0.032s][info][class,load] java.util.Spliterators$EmptySpliterator$OfInt source: shared objects file
[0.032s][info][class,load] java.util.Spliterator$OfLong source: shared objects file
[0.032s][info][class,load] java.util.Spliterators$EmptySpliterator$OfLong source: shared objects file
[0.032s][info][class,load] java.util.Spliterator$OfDouble source: shared objects file
[0.032s][info][class,load] java.util.Spliterators$EmptySpliterator$OfDouble source: shared objects file
[0.032s][info][class,load] java.util.Spliterators$IteratorSpliterator source: shared objects file
[0.032s][info][class,load] java.util.stream.StreamSupport source: shared objects file
[0.032s][info][class,load] java.util.stream.PipelineHelper source: shared objects file
[0.032s][info][class,load] java.util.stream.BaseStream source: shared objects file
[0.032s][info][class,load] java.util.stream.AbstractPipeline source: shared objects file
[0.032s][info][class,load] java.util.stream.Stream source: shared objects file
[0.032s][info][class,load] java.util.stream.ReferencePipeline source: shared objects file
[0.032s][info][class,load] java.util.stream.ReferencePipeline$Head source: shared objects file
[0.032s][info][class,load] java.util.stream.StreamOpFlag source: shared objects file
[0.032s][info][class,load] java.util.stream.StreamOpFlag$Type source: shared objects file
[0.032s][info][class,load] java.util.stream.StreamOpFlag$MaskBuilder source: shared objects file
[0.032s][info][class,load] java.util.EnumMap source: shared objects file
[0.032s][info][class,load] java.util.EnumMap$1 source: shared objects file
[0.032s][info][class,load] java.lang.Class$3 source: shared objects file
[0.032s][info][class,load] sun.reflect.annotation.AnnotationParser source: shared objects file
[0.032s][info][class,load] jdk.internal.reflect.NativeMethodAccessorImpl source: shared objects file
[0.032s][info][class,load] jdk.internal.reflect.DelegatingMethodAccessorImpl source: shared objects file
[0.032s][info][class,load] java.lang.IncompatibleClassChangeError source: shared objects file
[0.032s][info][class,load] java.lang.NoSuchMethodError source: shared objects file
[0.032s][info][class,load] java.lang.invoke.LambdaForm$DMH/0x0000009801001400 source: __JVM_LookupDefineClass__
[0.032s][info][class,load] java.nio.file.Files$$Lambda$4/0x000000980105b368 source: java.nio.file.Files
[0.032s][info][class,load] java.util.stream.ReduceOps source: shared objects file
[0.032s][info][class,load] java.util.stream.TerminalOp source: shared objects file
[0.032s][info][class,load] java.util.stream.ReduceOps$ReduceOp source: shared objects file
[0.032s][info][class,load] java.util.stream.ReduceOps$5 source: jrt:/java.base
[0.032s][info][class,load] java.util.stream.StreamShape source: shared objects file
[0.032s][info][class,load] java.util.function.Consumer source: shared objects file
[0.032s][info][class,load] java.util.stream.Sink source: shared objects file
[0.032s][info][class,load] java.util.stream.TerminalSink source: shared objects file
[0.032s][info][class,load] java.util.stream.ReduceOps$AccumulatingSink source: shared objects file
[0.032s][info][class,load] java.util.stream.ReduceOps$Box source: shared objects file
[0.032s][info][class,load] java.util.stream.ReduceOps$CountingSink source: jrt:/java.base
[0.032s][info][class,load] java.util.stream.ReduceOps$CountingSink$OfRef source: jrt:/java.base
[0.034s][info][class,load] javax.accessibility.Accessible source: jrt:/java.desktop
[0.034s][info][class,load] java.awt.image.ImageObserver source: jrt:/java.desktop
[0.034s][info][class,load] java.awt.MenuContainer source: jrt:/java.desktop
[0.034s][info][class,load] java.awt.Component source: jrt:/java.desktop
[0.034s][info][class,load] java.awt.Container source: jrt:/java.desktop
[0.034s][info][class,load] java.awt.Window source: jrt:/java.desktop
[0.034s][info][class,load] sun.util.logging.PlatformLogger source: jrt:/java.base
[0.034s][info][class,load] sun.util.logging.PlatformLogger$Level source: jrt:/java.base
[0.034s][info][class,load] java.lang.System$Logger$Level source: jrt:/java.base
[0.034s][info][class,load] jdk.internal.logger.LazyLoggers source: jrt:/java.base
[0.034s][info][class,load] jdk.internal.logger.LazyLoggers$1 source: jrt:/java.base
[0.035s][info][class,load] jdk.internal.logger.LazyLoggers$LazyLoggerFactories source: jrt:/java.base
[0.035s][info][class,load] java.lang.System$Logger source: shared objects file
[0.035s][info][class,load] sun.util.logging.PlatformLogger$Bridge source: shared objects file
[0.035s][info][class,load] sun.util.logging.PlatformLogger$ConfigurableBridge source: shared objects file
[0.035s][info][class,load] jdk.internal.logger.BootstrapLogger source: shared objects file
[0.035s][info][class,load] jdk.internal.logger.BootstrapLogger$DetectBackend source: shared objects file
[0.035s][info][class,load] jdk.internal.logger.BootstrapLogger$DetectBackend$1 source: shared objects file
[0.035s][info][class,load] java.lang.System$LoggerFinder source: shared objects file
[0.035s][info][class,load] java.util.ServiceLoader source: shared objects file
[0.035s][info][class,load] java.util.ServiceLoader$ModuleServicesLookupIterator source: shared objects file
[0.035s][info][class,load] jdk.internal.loader.AbstractClassLoaderValue$Memoizer source: shared objects file
[0.035s][info][class,load] java.util.Spliterators$ArraySpliterator source: shared objects file
[0.035s][info][class,load] java.util.Spliterators$1Adapter source: shared objects file
[0.035s][info][class,load] java.util.HashMap$Values source: shared objects file
[0.035s][info][class,load] java.util.HashMap$ValueIterator source: shared objects file
[0.035s][info][class,load] java.util.ListIterator source: shared objects file
[0.035s][info][class,load] java.util.ImmutableCollections$ListItr source: shared objects file
[0.035s][info][class,load] java.util.ServiceLoader$LazyClassPathLookupIterator source: shared objects file
[0.035s][info][class,load] java.util.ServiceLoader$2 source: shared objects file
[0.035s][info][class,load] java.util.ServiceLoader$3 source: shared objects file
[0.035s][info][class,load] jdk.internal.module.Resources source: shared objects file
[0.035s][info][class,load] jdk.internal.loader.BuiltinClassLoader$2 source: shared objects file
[0.035s][info][class,load] jdk.internal.loader.BuiltinClassLoader$5 source: shared objects file
[0.035s][info][class,load] java.lang.module.ModuleReader source: shared objects file
[0.035s][info][class,load] jdk.internal.module.SystemModuleFinders$SystemModuleReader source: shared objects file
[0.035s][info][class,load] jdk.internal.module.SystemModuleFinders$SystemImage source: shared objects file
[0.035s][info][class,load] jdk.internal.jimage.ImageReaderFactory source: shared objects file
[0.035s][info][class,load] jdk.internal.jimage.ImageReaderFactory$1 source: shared objects file
[0.035s][info][class,load] jdk.internal.jimage.ImageReader source: shared objects file
[0.035s][info][class,load] jdk.internal.jimage.BasicImageReader source: shared objects file
[0.035s][info][class,load] jdk.internal.jimage.ImageReader$SharedImageReader source: shared objects file
[0.035s][info][class,load] jdk.internal.jimage.BasicImageReader$1 source: shared objects file
[0.035s][info][class,load] jdk.internal.jimage.NativeImageBuffer source: shared objects file
[0.035s][info][class,load] jdk.internal.jimage.NativeImageBuffer$1 source: shared objects file
[0.035s][info][class,load] jdk.internal.jimage.ImageHeader source: shared objects file
[0.035s][info][class,load] java.nio.IntBuffer source: shared objects file
[0.035s][info][class,load] java.nio.DirectIntBufferU source: shared objects file
[0.035s][info][class,load] java.nio.DirectByteBufferR source: shared objects file
[0.035s][info][class,load] java.nio.DirectIntBufferRU source: shared objects file
[0.035s][info][class,load] jdk.internal.jimage.ImageStrings source: shared objects file
[0.035s][info][class,load] jdk.internal.jimage.ImageStringsReader source: shared objects file
[0.035s][info][class,load] jdk.internal.jimage.decompressor.Decompressor source: shared objects file
[0.035s][info][class,load] jdk.internal.jimage.ImageLocation source: shared objects file
[0.035s][info][class,load] java.util.Collections$EmptyEnumeration source: shared objects file
[0.035s][info][class,load] jdk.internal.loader.BuiltinClassLoader$1 source: shared objects file
[0.036s][info][class,load] java.lang.CompoundEnumeration source: shared objects file
[0.036s][info][class,load] jdk.internal.loader.URLClassPath$1 source: shared objects file
[0.036s][info][class,load] jdk.internal.logger.DefaultLoggerFinder source: shared objects file
[0.036s][info][class,load] java.util.concurrent.CopyOnWriteArrayList$COWIterator source: shared objects file
[0.036s][info][class,load] sun.util.logging.internal.LoggingProviderImpl source: shared objects file
[0.036s][info][class,load] sun.util.logging.internal.LoggingProviderImpl$LogManagerAccess source: shared objects file
[0.036s][info][class,load] java.util.ServiceLoader$1 source: shared objects file
[0.036s][info][class,load] java.util.ServiceLoader$Provider source: shared objects file
[0.036s][info][class,load] java.util.ServiceLoader$ProviderImpl source: shared objects file
[0.036s][info][class,load] jdk.internal.logger.BootstrapLogger$LoggingBackend source: shared objects file
[0.036s][info][class,load] jdk.internal.logger.AbstractLoggerWrapper source: jrt:/java.base
[0.036s][info][class,load] jdk.internal.logger.LazyLoggers$LazyLoggerWrapper source: jrt:/java.base
[0.036s][info][class,load] jdk.internal.logger.LazyLoggers$JdkLazyLogger source: jrt:/java.base
[0.036s][info][class,load] jdk.internal.logger.LazyLoggers$LoggerAccessor source: jrt:/java.base
[0.036s][info][class,load] jdk.internal.logger.LazyLoggers$LazyLoggerAccessor source: jrt:/java.base
[0.036s][info][class,load] java.awt.Component$AWTTreeLock source: jrt:/java.desktop
[0.036s][info][class,load] java.awt.Toolkit source: jrt:/java.desktop
[0.036s][info][class,load] sun.awt.AWTAccessor$ToolkitAccessor source: jrt:/java.desktop
[0.036s][info][class,load] java.awt.Toolkit$3 source: jrt:/java.desktop
[0.036s][info][class,load] sun.awt.AWTAccessor source: jrt:/java.desktop
[0.036s][info][class,load] java.awt.Toolkit$4 source: jrt:/java.desktop
[0.036s][info][class,load] java.util.ResourceBundle source: shared objects file
[0.036s][info][class,load] jdk.internal.access.JavaUtilResourceBundleAccess source: shared objects file
[0.036s][info][class,load] java.util.ResourceBundle$1 source: shared objects file
[0.036s][info][class,load] java.util.ResourceBundle$2 source: shared objects file
[0.036s][info][class,load] java.util.ResourceBundle$Control source: shared objects file
[0.036s][info][class,load] sun.util.locale.LocaleObjectCache source: shared objects file
[0.036s][info][class,load] java.util.ResourceBundle$Control$CandidateListCache source: shared objects file
[0.036s][info][class,load] java.util.ResourceBundle$$Lambda$5/0x0000009801062050 source: java.util.ResourceBundle
[0.037s][info][class,load] java.util.ResourceBundle$CacheKey source: jrt:/java.base
[0.037s][info][class,load] java.util.ResourceBundle$CacheKeyReference source: jrt:/java.base
[0.037s][info][class,load] java.util.ResourceBundle$KeyElementReference source: jrt:/java.base
[0.037s][info][class,load] java.util.LinkedList$Node source: shared objects file
[0.037s][info][class,load] sun.util.locale.LocaleObjectCache$CacheEntry source: shared objects file
[0.037s][info][class,load] java.util.ResourceBundle$3 source: jrt:/java.base
[0.037s][info][class,load] java.util.ResourceBundle$ResourceBundleProviderHelper source: shared objects file
[0.037s][info][class,load] java.util.ResourceBundle$ResourceBundleProviderHelper$$Lambda$6/0x0000009801062b30 source: java.util.ResourceBundle
[0.037s][info][class,load] sun.security.util.FilePermCompat source: shared objects file
[0.037s][info][class,load] java.io.FilePermission source: shared objects file
[0.037s][info][class,load] java.util.ListResourceBundle source: shared objects file
[0.037s][info][class,load] sun.awt.resources.awt source: jrt:/java.desktop
[0.037s][info][class,load] java.util.ResourceBundle$ResourceBundleProviderHelper$$Lambda$12/0x800000010 source: shared objects file
[0.037s][info][class,load] java.util.ResourceBundle$BundleReference source: jrt:/java.base
[0.037s][info][class,load] java.util.ResourceBundle$ResourceBundleProviderHelper$$Lambda$8/0x0000009801063610 source: java.util.ResourceBundle
[0.037s][info][class,load] jdk.internal.module.Checks source: shared objects file
[0.038s][info][class,load] jdk.internal.module.SystemModuleFinders source: shared objects file
[0.038s][info][class,load] jdk.internal.module.SystemModuleFinders$SystemModuleReader$$Lambda$9/0x0000009801063838 source: jdk.internal.module.SystemModuleFinders
[0.038s][info][class,load] java.awt.Toolkit$2 source: jrt:/java.desktop
[0.116s][info][class,load] java.awt.Toolkit$1 source: jrt:/java.desktop
[0.117s][info][class,load] java.lang.invoke.LambdaForm$MH/0x0000009801001800 source: __JVM_LookupDefineClass__
[0.117s][info][class,load] java.lang.invoke.LambdaForm$MH/0x0000009801001c00 source: __JVM_LookupDefineClass__
[0.117s][info][class,load] java.lang.invoke.LambdaForm$MH/0x0000009801002000 source: __JVM_LookupDefineClass__
[0.117s][info][class,load] java.lang.invoke.BoundMethodHandle$Species_LLL source: shared objects file
[0.118s][info][class,load] java.lang.invoke.LambdaForm$MH/0x0000009801002400 source: __JVM_LookupDefineClass__
[0.118s][info][class,load] java.lang.invoke.LambdaForm$MH/0x0000009801002800 source: __JVM_LookupDefineClass__
[0.118s][info][class,load] java.lang.invoke.BoundMethodHandle$Species_LLLL source: shared objects file
[0.118s][info][class,load] java.lang.invoke.LambdaForm$MH/0x0000009801002c00 source: __JVM_LookupDefineClass__
[0.118s][info][class,load] java.lang.invoke.BoundMethodHandle$Species_LLLLL source: shared objects file
[0.119s][info][class,load] java.lang.invoke.LambdaForm$MH/0x0000009801003000 source: __JVM_LookupDefineClass__
[0.119s][info][class,load] java.lang.invoke.MethodHandles$1 source: shared objects file
[0.119s][info][class,load] java.lang.invoke.BoundMethodHandle$Species_LJ source: shared objects file
[0.119s][info][class,load] java.lang.invoke.LambdaForm$MH/0x0000009801003400 source: __JVM_LookupDefineClass__
[0.119s][info][class,load] java.lang.invoke.BoundMethodHandle$Species_LLLLLL source: shared objects file
[0.119s][info][class,load] java.lang.invoke.LambdaForm$MH/0x0000009801003800 source: __JVM_LookupDefineClass__
[0.120s][info][class,load] java.lang.invoke.BoundMethodHandle$Species_LLLLLLL source: shared objects file
[0.120s][info][class,load] java.lang.invoke.LambdaFormEditor$1 source: shared objects file
[0.120s][info][class,load] java.util.TreeMap$Entry source: shared objects file
[0.120s][info][class,load] java.util.TreeMap$EntrySet source: shared objects file
[0.120s][info][class,load] java.util.TreeMap$PrivateEntryIterator source: shared objects file
[0.120s][info][class,load] java.util.TreeMap$EntryIterator source: shared objects file
[0.120s][info][class,load] java.lang.invoke.LambdaForm$MH/0x0000009801003c00 source: __JVM_LookupDefineClass__
[0.120s][info][class,load] java.io.IOException source: jrt:/java.base
[0.120s][info][class,load] java.io.FileNotFoundException source: jrt:/java.base
[0.120s][info][class,load] java.lang.invoke.LambdaForm$MH/0x0000009801004000 source: __JVM_LookupDefineClass__
[0.121s][info][class,load] java.lang.invoke.LambdaForm$MH/0x0000009801004400 source: __JVM_LookupDefineClass__
[0.121s][info][class,load] java.lang.invoke.LambdaForm$MH/0x0000009801004800 source: __JVM_LookupDefineClass__
[0.121s][info][class,load] java.lang.invoke.LambdaForm$MH/0x0000009801004c00 source: __JVM_LookupDefineClass__
[0.121s][info][class,load] java.lang.invoke.LambdaForm$MH/0x0000009801005000 source: __JVM_LookupDefineClass__
[0.122s][info][class,load] java.lang.invoke.LambdaForm$MH/0x0000009801005400 source: __JVM_LookupDefineClass__
[0.122s][info][class,load] java.lang.invoke.LambdaForm$MH/0x0000009801005800 source: __JVM_LookupDefineClass__
[0.122s][info][class,load] java.lang.invoke.BoundMethodHandle$Species_LLLLLLLL source: shared objects file
[0.122s][info][class,load] java.lang.invoke.LambdaForm$MH/0x0000009801005c00 source: __JVM_LookupDefineClass__
[0.122s][info][class,load] java.lang.invoke.BoundMethodHandle$Species_LLLLLLLLL source: shared objects file
[0.123s][info][class,load] java.lang.invoke.LambdaForm$MH/0x0000009801006000 source: __JVM_LookupDefineClass__
[0.123s][info][class,load] sun.awt.AWTAccessor$ComponentAccessor source: jrt:/java.desktop
[0.123s][info][class,load] java.awt.Component$1 source: jrt:/java.desktop
[0.123s][info][class,load] java.util.EventObject source: jrt:/java.base
[0.123s][info][class,load] java.awt.AWTEvent source: jrt:/java.desktop
[0.123s][info][class,load] sun.awt.RequestFocusController source: jrt:/java.desktop
[0.123s][info][class,load] java.awt.Component$DummyRequestFocusController source: jrt:/java.desktop
[0.123s][info][class,load] java.awt.LayoutManager source: jrt:/java.desktop
[0.123s][info][class,load] java.awt.event.AWTEventListener source: jrt:/java.desktop
[0.124s][info][class,load] java.awt.LightweightDispatcher source: jrt:/java.desktop
[0.124s][info][class,load] java.awt.geom.Dimension2D source: jrt:/java.desktop
[0.124s][info][class,load] java.awt.Dimension source: jrt:/java.desktop
[0.124s][info][class,load] sun.awt.AWTAccessor$ContainerAccessor source: jrt:/java.desktop
[0.124s][info][class,load] java.awt.Container$1 source: jrt:/java.desktop
[0.124s][info][class,load] sun.awt.util.IdentityArrayList source: jrt:/java.desktop
[0.124s][info][class,load] java.util.concurrent.atomic.AtomicBoolean source: jrt:/java.base
[0.124s][info][class,load] java.lang.invoke.VarHandleInts$FieldInstanceReadOnly source: shared objects file
[0.124s][info][class,load] java.lang.invoke.VarHandleInts$FieldInstanceReadWrite source: shared objects file
[0.124s][info][class,load] sun.awt.AWTAccessor$WindowAccessor source: jrt:/java.desktop
[0.124s][info][class,load] java.awt.Window$1 source: jrt:/java.desktop
[0.124s][info][class,load] sun.awt.AppContext source: jrt:/java.desktop
[0.124s][info][class,load] java.util.Collections$SynchronizedMap source: shared objects file
[0.124s][info][class,load] sun.awt.AppContext$GetAppContextLock source: jrt:/java.desktop
[0.124s][info][class,load] jdk.internal.access.JavaAWTAccess source: jrt:/java.base
[0.124s][info][class,load] sun.awt.AppContext$6 source: jrt:/java.desktop
[0.124s][info][class,load] sun.awt.AppContext$3 source: jrt:/java.desktop
[0.124s][info][class,load] sun.awt.AppContext$2 source: jrt:/java.desktop
[0.124s][info][class,load] sun.awt.ComponentFactory source: jrt:/java.desktop
[0.124s][info][class,load] sun.awt.InputMethodSupport source: jrt:/java.desktop
[0.124s][info][class,load] sun.awt.KeyboardFocusManagerPeerProvider source: jrt:/java.desktop
[0.124s][info][class,load] sun.awt.SunToolkit source: jrt:/java.desktop
[0.124s][info][class,load] java.util.concurrent.locks.ReentrantLock$Sync source: shared objects file
[0.124s][info][class,load] java.util.concurrent.locks.ReentrantLock$NonfairSync source: shared objects file
[0.124s][info][class,load] java.util.concurrent.locks.Condition source: jrt:/java.base
[0.124s][info][class,load] java.util.concurrent.locks.AbstractQueuedSynchronizer$ConditionObject source: jrt:/java.base
[0.124s][info][class,load] sun.awt.WeakIdentityHashMap source: jrt:/java.desktop
[0.124s][info][class,load] sun.awt.SoftCache source: jrt:/java.desktop
[0.124s][info][class,load] sun.awt.AppContext$State source: jrt:/java.desktop
[0.125s][info][class,load] sun.awt.AppContext$1 source: jrt:/java.desktop
[0.125s][info][class,load] java.awt.EventQueue source: jrt:/java.desktop
[0.125s][info][class,load] java.awt.EventQueue$1 source: jrt:/java.desktop
[0.125s][info][class,load] sun.awt.AWTAccessor$EventQueueAccessor source: jrt:/java.desktop
[0.125s][info][class,load] java.awt.EventQueue$2 source: jrt:/java.desktop
[0.125s][info][class,load] java.awt.EventQueue$3 source: jrt:/java.desktop
[0.125s][info][class,load] java.awt.Queue source: jrt:/java.desktop
[0.125s][info][class,load] java.lang.invoke.LambdaForm$MH/0x0000009801006400 source: __JVM_LookupDefineClass__
[0.125s][info][class,load] java.lang.invoke.LambdaForm$MH/0x0000009801006800 source: __JVM_LookupDefineClass__
[0.125s][info][class,load] java.lang.invoke.LambdaForm$MH/0x0000009801006c00 source: __JVM_LookupDefineClass__
[0.126s][info][class,load] java.lang.invoke.LambdaForm$MH/0x0000009801007000 source: __JVM_LookupDefineClass__
[0.126s][info][class,load] java.lang.invoke.LambdaForm$MH/0x0000009801007400 source: __JVM_LookupDefineClass__
[0.126s][info][class,load] java.lang.invoke.LambdaForm$MH/0x0000009801007800 source: __JVM_LookupDefineClass__
[0.126s][info][class,load] sun.awt.MostRecentKeyValue source: jrt:/java.desktop
[0.126s][info][class,load] sun.awt.PostEventQueue source: jrt:/java.desktop
[0.126s][info][class,load] java.awt.Frame source: jrt:/java.desktop
[0.126s][info][class,load] sun.awt.AWTAccessor$FrameAccessor source: jrt:/java.desktop
[0.126s][info][class,load] java.awt.Frame$1 source: jrt:/java.desktop
[0.127s][info][class,load] java.lang.invoke.LambdaForm$MH/0x0000009801007c00 source: __JVM_LookupDefineClass__
[0.127s][info][class,load] java.lang.invoke.LambdaForm$MH/0x0000009801008000 source: __JVM_LookupDefineClass__
[0.127s][info][class,load] java.lang.invoke.LambdaForm$MH/0x0000009801008400 source: __JVM_LookupDefineClass__
[0.127s][info][class,load] java.lang.invoke.LambdaForm$MH/0x0000009801008800 source: __JVM_LookupDefineClass__
[0.127s][info][class,load] java.lang.invoke.LambdaForm$MH/0x0000009801008c00 source: __JVM_LookupDefineClass__
[0.127s][info][class,load] java.lang.invoke.LambdaForm$MH/0x0000009801009000 source: __JVM_LookupDefineClass__
[0.128s][info][class,load] java.lang.invoke.LambdaForm$MH/0x0000009801009400 source: __JVM_LookupDefineClass__
[0.128s][info][class,load] java.lang.invoke.LambdaForm$MH/0x0000009801009800 source: __JVM_LookupDefineClass__
[0.128s][info][class,load] java.lang.invoke.LambdaForm$MH/0x0000009801009c00 source: __JVM_LookupDefineClass__
[0.128s][info][class,load] java.lang.invoke.LambdaForm$MH/0x000000980100a000 source: __JVM_LookupDefineClass__
[0.128s][info][class,load] java.lang.invoke.LambdaForm$MH/0x000000980100a400 source: __JVM_LookupDefineClass__
[0.128s][info][class,load] java.lang.invoke.LambdaForm$MH/0x000000980100a800 source: __JVM_LookupDefineClass__
[0.129s][info][class,load] jdk.internal.loader.URLClassPath$JarLoader$2 source: shared objects file
[0.129s][info][class,load] java.util.jar.Attributes source: shared objects file
[0.129s][info][class,load] java.util.jar.Manifest$FastInputStream source: shared objects file
[0.129s][info][class,load] java.io.ByteArrayOutputStream source: shared objects file
[0.129s][info][class,load] java.util.zip.Checksum source: shared objects file
[0.129s][info][class,load] java.util.zip.CRC32 source: shared objects file
[0.129s][info][class,load] java.util.zip.Checksum$1 source: shared objects file
[0.129s][info][class,load] net.schwagereit.t1j.CheckPattern source: file:/private/tmp/claude-501/-Users-bill-projects-TwixT-Game/d037040d-d572-424f-a870-eef66233d641/scratchpad/e1/acq/release/t1j.jar
[0.129s][info][class,load] java.net.URLConnection source: jrt:/java.base
[0.129s][info][class,load] java.net.JarURLConnection source: jrt:/java.base
[0.129s][info][class,load] sun.net.www.protocol.jar.JarURLConnection source: jrt:/java.base
[0.129s][info][class,load] sun.net.www.protocol.jar.URLJarFile$URLJarFileCloseController source: jrt:/java.base
[0.129s][info][class,load] sun.net.www.protocol.jar.JarFileFactory source: jrt:/java.base
[0.130s][info][class,load] sun.net.www.URLConnection source: jrt:/java.base
[0.130s][info][class,load] sun.net.www.protocol.file.FileURLConnection source: jrt:/java.base
[0.130s][info][class,load] sun.net.www.MessageHeader source: jrt:/java.base
[0.130s][info][class,load] sun.net.www.protocol.jar.URLJarFile source: jrt:/java.base
[0.130s][info][class,load] sun.nio.fs.UnixFileKey source: jrt:/java.base
[0.130s][info][class,load] sun.net.www.protocol.jar.URLJarFile$URLJarFileEntry source: jrt:/java.base
[0.130s][info][class,load] sun.net.www.protocol.jar.JarURLConnection$JarURLInputStream source: jrt:/java.base
[0.131s][info][class,load] java.io.Reader source: jrt:/java.base
[0.131s][info][class,load] java.io.InputStreamReader source: jrt:/java.base
[0.132s][info][class,load] net.schwagereit.t1j.CheckPattern$PatternElement source: file:/private/tmp/claude-501/-Users-bill-projects-TwixT-Game/d037040d-d572-424f-a870-eef66233d641/scratchpad/e1/acq/release/t1j.jar
[0.132s][info][class,load] java.io.BufferedReader source: jrt:/java.base
[0.132s][info][class,load] sun.nio.cs.StreamDecoder source: jrt:/java.base
[0.132s][info][class,load] java.nio.charset.CharsetDecoder source: jrt:/java.base
[0.132s][info][class,load] sun.nio.cs.UTF_8$Decoder source: jrt:/java.base
[0.132s][info][class,load] java.util.regex.Pattern source: shared objects file
[0.132s][info][class,load] java.util.regex.Pattern$Node source: shared objects file
[0.132s][info][class,load] java.util.regex.Pattern$LastNode source: shared objects file
[0.132s][info][class,load] java.util.regex.Pattern$GroupHead source: shared objects file
[0.132s][info][class,load] java.util.regex.Pattern$CharPredicate source: shared objects file
[0.132s][info][class,load] java.util.regex.Pattern$BmpCharPredicate source: shared objects file
[0.132s][info][class,load] java.util.regex.Pattern$$Lambda$19/0x800000029 source: shared objects file
[0.132s][info][class,load] java.util.regex.Pattern$CharProperty source: shared objects file
[0.132s][info][class,load] java.util.regex.Pattern$BmpCharProperty source: shared objects file
[0.132s][info][class,load] java.util.regex.Pattern$Qtype source: shared objects file
[0.132s][info][class,load] java.util.regex.Pattern$CharPropertyGreedy source: shared objects file
[0.132s][info][class,load] java.util.regex.Pattern$BmpCharPropertyGreedy source: shared objects file
[0.132s][info][class,load] java.util.regex.Pattern$SliceNode source: shared objects file
[0.132s][info][class,load] java.util.regex.Pattern$Slice source: shared objects file
[0.132s][info][class,load] java.util.regex.Pattern$Begin source: shared objects file
[0.132s][info][class,load] java.util.regex.Pattern$First source: shared objects file
[0.132s][info][class,load] java.util.regex.Pattern$Start source: shared objects file
[0.132s][info][class,load] java.util.regex.Pattern$TreeInfo source: shared objects file
[0.132s][info][class,load] java.util.regex.MatchResult source: shared objects file
[0.132s][info][class,load] java.util.regex.Matcher source: shared objects file
[0.132s][info][class,load] java.util.regex.IntHashSet source: shared objects file
[0.132s][info][class,load] java.util.ArrayList$SubList source: shared objects file
[0.133s][info][class,load] net.schwagereit.t1j.CheckPattern$Pattern source: file:/private/tmp/claude-501/-Users-bill-projects-TwixT-Game/d037040d-d572-424f-a870-eef66233d641/scratchpad/e1/acq/release/t1j.jar
[0.137s][info][class,load] java.util.LinkedList$ListItr source: jrt:/java.base
[0.137s][info][class,load] net.schwagereit.t1j.Zobrist source: file:/private/tmp/claude-501/-Users-bill-projects-TwixT-Game/d037040d-d572-424f-a870-eef66233d641/scratchpad/e1/acq/release/t1j.jar
[0.137s][info][class,load] net.schwagereit.t1j.Zobrist$Node source: file:/private/tmp/claude-501/-Users-bill-projects-TwixT-Game/d037040d-d572-424f-a870-eef66233d641/scratchpad/e1/acq/release/t1j.jar
[0.137s][info][class,load] java.util.random.RandomGenerator source: shared objects file
[0.137s][info][class,load] java.util.Random source: shared objects file
[0.141s][info][class,load] net.schwagereit.t1j.GeneralSettings source: file:/private/tmp/claude-501/-Users-bill-projects-TwixT-Game/d037040d-d572-424f-a870-eef66233d641/scratchpad/e1/acq/release/t1j.jar
[0.141s][info][class,load] java.util.StringTokenizer source: shared objects file
[0.141s][info][class,load] java.util.Observable source: jrt:/java.base
[0.141s][info][class,load] net.schwagereit.t1j.Match source: file:/private/tmp/claude-501/-Users-bill-projects-TwixT-Game/d037040d-d572-424f-a870-eef66233d641/scratchpad/e1/acq/release/t1j.jar
[0.141s][info][class,load] java.util.Observer source: jrt:/java.base
[0.141s][info][class,load] javax.swing.WindowConstants source: jrt:/java.desktop
[0.141s][info][class,load] javax.swing.RootPaneContainer source: jrt:/java.desktop
[0.141s][info][class,load] javax.swing.TransferHandler$HasGetTransferHandler source: jrt:/java.desktop
[0.142s][info][class,load] javax.swing.JFrame source: jrt:/java.desktop
[0.142s][info][class,load] net.schwagereit.t1j.GuiMainWindow source: file:/private/tmp/claude-501/-Users-bill-projects-TwixT-Game/d037040d-d572-424f-a870-eef66233d641/scratchpad/e1/acq/release/t1j.jar
[0.142s][info][class,load] java.lang.IllegalStateException source: jrt:/java.base
[0.142s][info][class,load] java.util.Vector source: jrt:/java.base
[0.142s][info][class,load] net.schwagereit.t1j.Board source: file:/private/tmp/claude-501/-Users-bill-projects-TwixT-Game/d037040d-d572-424f-a870-eef66233d641/scratchpad/e1/acq/release/t1j.jar
[0.142s][info][class,load] net.schwagereit.t1j.Board$Node source: file:/private/tmp/claude-501/-Users-bill-projects-TwixT-Game/d037040d-d572-424f-a870-eef66233d641/scratchpad/e1/acq/release/t1j.jar
[0.142s][info][class,load] net.schwagereit.t1j.Evaluation source: file:/private/tmp/claude-501/-Users-bill-projects-TwixT-Game/d037040d-d572-424f-a870-eef66233d641/scratchpad/e1/acq/release/t1j.jar
[0.143s][info][class,load] net.schwagereit.t1j.Evaluation$FieldData source: file:/private/tmp/claude-501/-Users-bill-projects-TwixT-Game/d037040d-d572-424f-a870-eef66233d641/scratchpad/e1/acq/release/t1j.jar
[0.143s][info][class,load] net.schwagereit.t1j.FindMove source: file:/private/tmp/claude-501/-Users-bill-projects-TwixT-Game/d037040d-d572-424f-a870-eef66233d641/scratchpad/e1/acq/release/t1j.jar
[0.143s][info][class,load] java.lang.InterruptedException source: jrt:/java.base
[0.143s][info][class,load] net.schwagereit.t1j.Stopwatch source: file:/private/tmp/claude-501/-Users-bill-projects-TwixT-Game/d037040d-d572-424f-a870-eef66233d641/scratchpad/e1/acq/release/t1j.jar
[0.144s][info][class,load] net.schwagereit.t1j.MatchData source: file:/private/tmp/claude-501/-Users-bill-projects-TwixT-Game/d037040d-d572-424f-a870-eef66233d641/scratchpad/e1/acq/release/t1j.jar
[0.144s][info][class,load] jdk.internal.reflect.UnsafeFieldAccessorFactory source: jrt:/java.base
[0.144s][info][class,load] jdk.internal.reflect.UnsafeIntegerFieldAccessorImpl source: jrt:/java.base
[0.145s][info][class,load] net.schwagereit.t1j.InitialMoves source: file:/private/tmp/claude-501/-Users-bill-projects-TwixT-Game/d037040d-d572-424f-a870-eef66233d641/scratchpad/e1/acq/release/t1j.jar
[0.145s][info][class,load] net.schwagereit.t1j.OrderedMoves source: file:/private/tmp/claude-501/-Users-bill-projects-TwixT-Game/d037040d-d572-424f-a870-eef66233d641/scratchpad/e1/acq/release/t1j.jar
[0.145s][info][class,load] net.schwagereit.t1j.Races source: file:/private/tmp/claude-501/-Users-bill-projects-TwixT-Game/d037040d-d572-424f-a870-eef66233d641/scratchpad/e1/acq/release/t1j.jar
[0.145s][info][class,load] net.schwagereit.t1j.Move source: file:/private/tmp/claude-501/-Users-bill-projects-TwixT-Game/d037040d-d572-424f-a870-eef66233d641/scratchpad/e1/acq/release/t1j.jar
[0.145s][info][class,load] java.util.HashMap$KeySet source: shared objects file
[0.145s][info][class,load] java.util.HashMap$KeyIterator source: shared objects file
[0.145s][info][class,load] net.schwagereit.t1j.Evaluation$CritPos source: file:/private/tmp/claude-501/-Users-bill-projects-TwixT-Game/d037040d-d572-424f-a870-eef66233d641/scratchpad/e1/acq/release/t1j.jar
[0.145s][info][class,load] net.schwagereit.t1j.Evaluation$PinPosition source: file:/private/tmp/claude-501/-Users-bill-projects-TwixT-Game/d037040d-d572-424f-a870-eef66233d641/scratchpad/e1/acq/release/t1j.jar
[0.146s][info][class,load] net.schwagereit.t1j.OrderedMoves$1 source: file:/private/tmp/claude-501/-Users-bill-projects-TwixT-Game/d037040d-d572-424f-a870-eef66233d641/scratchpad/e1/acq/release/t1j.jar
[0.146s][info][class,load] java.util.Arrays$LegacyMergeSort source: shared objects file
[0.146s][info][class,load] java.util.TimSort source: shared objects file
[0.154s][info][class,load] net.schwagereit.t1j.OrderedMoves$ValuedMove source: file:/private/tmp/claude-501/-Users-bill-projects-TwixT-Game/d037040d-d572-424f-a870-eef66233d641/scratchpad/e1/acq/release/t1j.jar
[0.170s][info][class,load] java.util.Formatter source: shared objects file
[0.170s][info][class,load] java.util.regex.Pattern$GroupTail source: shared objects file
[0.170s][info][class,load] java.util.regex.CharPredicates source: shared objects file
[0.171s][info][class,load] java.util.regex.CharPredicates$$Lambda$17/0x800000025 source: shared objects file
[0.171s][info][class,load] java.util.regex.Pattern$Ques source: shared objects file
[0.171s][info][class,load] java.util.regex.Pattern$BranchConn source: shared objects file
[0.171s][info][class,load] java.util.regex.Pattern$Branch source: shared objects file
[0.171s][info][class,load] java.util.regex.Pattern$BitClass source: shared objects file
[0.171s][info][class,load] java.util.regex.Pattern$$Lambda$20/0x80000002a source: shared objects file
[0.171s][info][class,load] java.lang.invoke.DirectMethodHandle$Interface source: shared objects file
[0.171s][info][class,load] java.util.regex.Pattern$BmpCharPredicate$$Lambda$21/0x80000002c source: shared objects file
[0.171s][info][class,load] java.util.Locale$Category source: shared objects file
[0.171s][info][class,load] java.util.Formatter$FormatString source: shared objects file
[0.171s][info][class,load] java.util.Formatter$FixedString source: jrt:/java.base
[0.171s][info][class,load] java.util.Formatter$Conversion source: shared objects file
[0.171s][info][class,load] java.util.Formatter$FormatSpecifier source: shared objects file
[0.171s][info][class,load] java.util.Formatter$Flags source: shared objects file
[0.171s][info][class,load] java.util.Formattable source: shared objects file
[0.171s][info][class,load] java.lang.Throwable$PrintStreamOrWriter source: jrt:/java.base
[0.171s][info][class,load] java.lang.Throwable$WrappedPrintStream source: jrt:/java.base
[0.172s][info][class,load] java.lang.StackTraceElement$HashedModules source: jrt:/java.base
[0.172s][info][class,load] java.util.Collections$UnmodifiableCollection source: shared objects file
[0.172s][info][class,load] java.util.Collections$UnmodifiableSet source: shared objects file
[0.172s][info][class,load] java.util.Collections$UnmodifiableCollection$1 source: shared objects file
[0.172s][info][class,load] java.lang.Shutdown source: shared objects file
[0.172s][info][class,load] java.lang.Shutdown$Lock source: shared objects file
